species	chr_length	gc_ref	19_003a	19_003b	19_003c	19_003d	19_004a	19_004b	19_004c	19_004d	19_013b	19_013c	19_013d	19_020a	19_020b	19_020c	19_027a	19_027b	19_027c	19_027d	19_028a	19_028b	19_028c	19_028d	19_029a	19_029b	19_029c	19_029d	19_030a	19_030b	19_030c	19_030d	19_033a	19_033b	19_033c	19_033d	19_037a	19_037b	19_037c	19_037d	19_041a	19_041b	19_041c	19_041d	19_046a	19_046b	19_046c	19_046d	19_050a	19_050b	19_050c	19_050d	19_053a	19_053b	20_004a	20_004b	20_004c	20_004d	20_017a	20_017b	20_017c	20_017d	20_021a	20_021b	20_021c	20_021d	20_022a	20_022b	20_022c	20_022d	20_023a	20_023b	20_023c	20_023d	20_028a	20_028b	20_028c	20_041a	20_041b	20_041c	20_052a	20_052b	20_052c	20_058a	20_058b	20_058c	20_061a	20_061b	20_061c
Streptococcus_mitis	2	50	0	11.89075	7.27021	18.61187	0	9.05555	299.42713	40.16419	0	47.69671	36.83657	0.04189	1.06332	60.32608	0	56.59937	3776.60316	17.24544	0	2.93872	87.46468	41.57332	0	0	161.08983	73.22821	0	0	450.7093	15.41083	0	0.36407	44.10324	23.44336	0	0	82.84086	2.33577	0	0	59.36239	7.06201	0	0.15632	39.7515	11.11674	0	5.29382	18.60197	4.78446	0	0	0	0	22.77433	2.87729	0	0	77.72655	25.09537	0	0	454.70217	37.58972	0	4.6403	14.43015	3.31847	0.26388	10.05211	51.01637	93.18244	0	0	12.8916	0	0.66626	53.33501	0	0	104.24322	7.8231	1.58518	2.31872	0	0	1.02764
Rothia_mucilaginosa	2	50	0	0	14.48816	13.42597	0	0	171.19188	153.94325	0	226.41598	24.73051	0.12127	0	22.09523	0	0	168.41234	237.9994	0	0	66.7238	472.34417	0	0	4.45993	219.2672	0	0	178.37773	0.98998	0	0	97.49668	179.03338	0	0	6.48671	0.99537	0	0	423.836	16.93731	0	0	2.45063	15.23451	0	5.29896	1603.9078	16.67424	0	0	0	0.04834	73.22823	8.39771	0	0	99.14308	91.31052	0	0	137.68635	3.66636	0	0	5.48636	0.14449	0	0	36.76031	2.43668	0	0	44.19229	0	0	58.00949	0	0	17.36068	0	0	11.64315	0	0	2.34326
Neisseria_subflava	2	50	0	0	23.71161	62.5812	0	0	266.28739	158.04607	0	1.10532	6.00455	0.14645	0	76.66103	0	0	73.34927	9.82891	0	0	165.03355	140.16235	0	0	4.02475	76.54184	0	0	546.03893	2.23158	0	0	47.95946	105.73537	0	0	38.85198	0.19211	0	0	74.54487	9.124	0	0	0.60543	9.95235	0	0	1121.37141	34.27015	0	0	0	0	125.31059	30.58245	0	0	87.19373	176.87169	0	0	536.6157	38.00355	0	0	25.96378	3.18754	0	0	203.45989	19.67553	0	0	0	0	0	0	0	0	0.28626	0	19.33781	1.30882	0	0	0.96216
Prevotella_melaninogenica	2	50	0	0	6.7895	6.35183	0	0	43.05842	10.52439	0	182.76156	7.4172	0	0	33.70375	0	0	148.9059	125.82919	0	0	7.74256	65.96404	0	0	1.39031	16.27327	0	0	65.7431	0.49028	0	0	299.91253	102.68208	0	0	3.51632	0.52922	0	0	1426.28691	5.54323	0	0	0.19826	25.85211	0	0	108.75862	1.00887	0	0	0	0	49.39124	31.34565	0	0	1.0329	56.25656	0	0	571.32968	8.9672	0	0	28.68018	1.13841	0	0	182.35094	5.73081	0	0	36.66004	0	0	314.89391	0	0	143.11593	0	0	15.0431	0	0	1.1745
Haemophilus_parainfluenzae	2	50	0	0	9.57043	12.6453	0	0	193.32992	46.84409	0	0.63377	7.08441	0.0517	0	50.99799	0	0	138.70096	10.168	0	0	34.81489	108.64958	18.3731	94.51001	1.74136	27.78155	0	0	71.89788	1.12898	0	0	157.74889	35.84744	0	1.2682	34.6979	0.43788	0	0	100.20148	2.67226	0	0	0.85135	2.71581	0	0	344.57249	8.9191	0	0	0	0	66.16044	15.71957	0	0	100.26562	24.76199	0	0	351.08888	10.30945	0	71.32	19.03034	0.65095	0	28.85983	25.55709	7.46753	0	0	7.23337	0	0	5.71018	0	0	18.12835	0	0	8.75044	0	0	0.9319
Veillonella_dispar	2	50	0	0	5.02102	4.12997	0	0	50.27186	19.78965	0	380.47813	7.68242	0	0	19.67698	0	0	130.67329	121.1792	0	0	8.79541	67.29798	0	0	1.86844	6.0411	0	0	38.41756	0.15733	0	0	76.26259	28.06142	0	1.65596	67.77401	0.29735	0	0	355.13388	3.80845	0	0	2.66595	3.50826	0	0.12512	374.95493	0.4632	0	0	0	0	17.16888	3.66604	0	0	14.62969	8.50099	0	0	74.97327	2.32622	0	21.00908	5.20922	0.14	0	0	18.00039	1.33326	0	0	25.22864	0	0	152.4915	0	0	95.38286	0	0	4.39916	0	0	1.57072
Streptococcus_pseudopneumoniae	2	50	0	5.50453	5.46783	19.79602	0	4.22586	157.54881	20.89499	0	24.45991	17.23321	0	0.47695	26.1646	0	21.38317	925.7525	6.59955	0	1.00716	20.96711	17.09265	0	0	57.10785	36.8545	0	0	159.3869	6.75452	0	0.16286	20.2927	9.56974	0	0	32.37321	1.00863	0	0	20.68255	8.23524	0	0	18.81343	5.81532	0	1.95263	9.26302	2.17345	0	0	0	0	9.29947	1.58397	0	0	29.54405	22.21494	0	0	224.62954	34.26744	0	1.73268	6.80037	2.88253	0.13301	4.89725	23.28614	91.78323	0	0	6.10228	0	0.35657	15.5118	0	0	35.01123	2.4361	0.4897	1.18958	0	0	0.52022
Schaalia_odontolytica	2	50	0	0	3.64956	4.90835	0	0	61.48559	17.07949	0	13.18236	2.52078	0	0	8.00956	0	0	49.78582	35.49218	0	0	12.07463	15.65259	0	0	0.94532	3.1711	0	0	105.74453	0.07074	0	0	39.32552	15.12516	0	0	7.84136	0.06484	0	0	114.91327	3.11281	0	0	0.25977	1.85778	0	0	1418.43377	1.76323	0	0	0	0	14.00123	2.82679	0	0	22.21685	8.216	0	0	36.83915	1.29109	0	0	3.10204	0.09148	0	0	11.58479	0.73671	0	0	6.39538	0	0	25.65349	0	0	21.23022	0	0	1.90959	0	0	0.4303
Fusobacterium_periodonticum	2	50	0	0	12.89611	14.62328	0	0	75.45821	48.83743	0	0.32416	2.43086	0.04156	0	65.83734	0	0	29.99554	9.82739	0	0	56.79673	15.93677	0	0	2.11952	20.2428	0	0	139.25782	0.85625	0	0	138.57907	104.09862	0	0	33.3414	0.34428	0	0	33.20764	1.19038	0	0	0.06565	0.70704	0	0	150.76048	12.83382	0	0	0	0	14.74747	23.11096	0	0	39.30109	79.58353	0	0	175.56249	21.99771	0	0	36.85602	1.55259	0	0	107.6903	14.65649	0	0	0.22875	0	0	0	0	0	46.06823	0	0	10.10245	0	0	0.27535
Klebsiella_aerogenes	2	50	0	0	0	0	0	0	0	0	0	0	0	0	0	0	0	0.69876	0	0.05553	0	0	0	0	0	0	0	0	0	0	0	0	0	0	0	0	0	0	0	0	0	0	0	0	0	0	0	0	0	0	0	0	0	0	0	0	0	0	0	0	0	0	0	1006.84064	0	0	0	481.11164	0	0	0	0.01245	0	0	0	0	0	0	0	0	0	0.04504	0	0	0	0	0	0	0
Veillonella_atypica	2	50	0	0	1.54283	2.91064	0	0	9.74165	4.1632	0	202.06476	8.13132	0	0	21.80704	0	0	56.20034	201.32628	0	0	1.65377	15.65814	0	0	0.58127	8.21487	0	0	29.94197	0.22282	0	0	93.18733	5.7735	0	122.80967	6.45938	0.18176	0	0	140.61119	1.32593	0	0	2.29621	6.27445	0	7.31277	17.90037	0	0	0	0	0	3.0237	0.95399	0	0	5.16268	17.15781	0	0	43.81856	0.53547	0	2.14498	10.70015	0	0	0	28.52385	0.57506	0	0	25.24252	0	0	247.21901	0	0	58.80477	0	0	3.91705	0	0	3.57164
Gemella_haemolysans	2	50	0	39.14441	1.61281	13.46312	0	59.66432	57.78515	7.15557	0	53.3553	115.20032	0	0	105.96494	0	56.68897	0	17.67734	0	0	21.71654	32.98118	0	0	21.07526	12.61417	0	0	89.0856	1.43054	0	1.56999	26.4001	8.6525	0	0	208.0351	6.41624	0	0	28.92156	3.04727	0	56.2521	69.20475	2.06957	0	0	1.28812	3.96043	0	0	0	0	5.50347	0.99869	0	0	6.02093	15.3797	0	0	52.71251	30.32606	0	0	4.42268	3.40505	0	0	32.48859	43.2688	0	0	35.47871	0	5.85903	14.22402	0	0	37.59658	0.27203	0	1.27131	0	0	0.15912
Neisseria_cinerea	2	50	0	0	2.42076	52.97562	0	0	78.724	22.49451	0	0	0	0	0	0.97384	0	0	0	0.18472	0	0	23.24807	50.48983	0	0	1.3669	371.58245	0	0	7.12007	123.71264	0	0	0.80077	1.42016	0	0	14.40385	1.77218	0	0	0.80066	6.64569	0	0	0	0	0	0	10.84083	3.24297	0	0	0	0	1.24176	2.01358	0	0	0.87006	17.1099	0	0	13.4111	125.18497	0	0	13.69846	46.16181	0	0	2.83116	413.43826	0	0	0	0	0	0	0	0	0	0	0.19372	0	0	0	0
Streptococcus_pneumoniae	2	50	0	3.85829	3.43715	12.63469	0	2.87271	110.75249	11.79944	0	13.72095	10.26217	0	0.26913	16.5986	0	14.84768	555.82383	4.65623	0	0.60735	12.1553	10.91445	0	0	35.76296	19.12985	0	0	99.60011	3.59308	0	0.08944	15.9074	5.96486	0	0	20.63575	2.63228	0	0	14.43513	5.44327	0	0	10.82181	4.30736	0	1.2627	5.0757	1.3797	0	0	0	0	6.53137	1.19194	0	0	20.83839	12.35854	0	0	142.74723	22.15138	0	1.02544	4.56984	1.8258	0.08151	2.93402	13.54816	55.38883	0	0	10.44834	0	0.2193	10.2068	0	0	20.11231	1.50555	0.29494	0.70702	0	0	0.2727
Streptococcus_parasanguinis	2	50	0	33.36056	7.82039	6.95079	0	98.28397	82.8204	29.54108	0	181.52629	6.43581	0	0	17.43379	0	3.934	52.28287	52.5355	0	0	4.63241	83.47295	0	0	1.57455	8.9876	0	0	35.3015	0.25471	0	0	48.01025	19.00993	0	0	48.17622	0.26809	0	0	65.14709	1.33269	0	0	2.68877	1.9321	0	0	200.41418	0.93592	0	0	0	0	17.03915	1.40683	0	0	9.64305	6.55829	0	0	62.8616	0.9574	0	0	2.57414	0.08531	0	0	8.34716	1.07395	0	0	19.14238	0	0	84.69901	0	0	18.62087	0	0	2.33376	0	0	0.7637
Staphylococcus_epidermidis	2	50	0	1.17798	0	0.06171	0	0.68083	0.32325	0	0	3.47015	0.29896	0.48272	5.31685	0.12842	23.8028	125.90362	1.35064	1.52252	0.03138	5.84648	0	0	2.93455	0	0.24147	0.32529	8.03026	0	1.03461	0	0	0	0.93146	0	0	0.1907	0.32544	0	2.62607	0	0.84125	0	0	2.2245	0	0	1.46795	0.862	0.27547	0	0	0	0	1.03402	0.14722	0	0	0	0.06956	0.0831	11.10045	4.24987	0	0	266.76323	24.6446	0.10117	0	17.20596	47.62651	0	0	1.56753	0.07343	0.0485	0.17109	1.34185	0	0	0.81521	0.10063	0.242	0.06223	0	0	411.26072	0
Prevotella_jejuni	2	50	0	0	0.87106	0.67706	0	0	3.40531	0.68783	0	21.05374	0.41763	0	0	101.06425	0	0	5.87174	234.06597	0	0	0.49535	4.06886	0	0	0	1.28255	0	0	3.39621	0	0	0	66.65548	9.43371	0	0	0.36415	0	0	0	75.48621	0.49477	0	0	0	1.43809	0	0	5.60883	0.07479	0	0	0	0	2.94799	7.67537	0	0	0	3.54821	0	0	99.6217	1.65846	0	0	18.98628	0.24088	0	0	21.07585	1.34749	0	0	4.88121	0	0	209.07911	0	0	19.59562	0	0	0.72613	0	0	8.80872
Haemophilus_parahaemolyticus	2	50	0	0	0.09882	4.23669	0	0	2.18139	11.02309	0	0	0	0	0	576.33741	0	0	2.35935	18.83125	0	0	0.26072	4.2558	0	0.87136	0	1.42334	0	0	5.47505	2.74798	0	0	88.49312	0.33276	0	0.56668	3.49893	15.66442	0	0	0	0.0581	0	0	0	10.67422	0	0	0	0.19987	0	0	0	0	0.29207	0.1643	0	0	0.41514	115.81725	0	0	2.327	3.23191	0	0	2.67093	0.20723	0	0	22.94675	2.24284	0	0	0	0	0	0	0	0	0	0	0	0.19598	0	0	0
Staphylococcus_hominis	2	50	0	160.69847	0	0	0	312.95719	0	0	0	2.22036	0.1533	88.01859	22.81177	0.12681	0	0	1.75853	0.76648	0	2.59408	0	0	0.42956	0	0	0	0	0	0	0	0	0	6.84988	0	0	1.89556	0.26719	0	0.48791	0	2.25432	0.0313	0	22.73964	0	0	61.26087	0.28366	0	0	0	0	0	0	0.64078	0	0	0	0	0	0	1.30919	0	0	2.9648	48.94411	0.0911	0	30.5853	24.11824	0	0	0.75889	0	0.06697	0	0	0	0.11204	2.58636	0.77327	0	0	0	0	0	0
Haemophilus_influenzae	2	50	0	0	2.44263	158.01629	0	0	56.58848	6.25703	0	0.69378	2.00121	0	0	24.67138	0	0	20.75972	0.70738	0	0	1.45164	7.21655	0.51568	1.24817	1.27726	24.68467	0	0	16.41917	7.08176	0	0	38.57057	4.92623	0	21.44501	76.03444	1.46084	0	0	1.8279	1.37155	0	0	0.11538	3.1835	0	0	10.73487	2.17107	0	0	0	0	3.9043	1.22591	0	0	2.61781	41.67637	0	0	65.74627	22.316	0	0.68651	2.04314	2.55316	0	0.27159	3.48923	40.97007	0	0	1.37679	0	0	0.62448	0	0	0	0	0	0.20644	0	0	0
Streptococcus_thermophilus	2	50	0	7.26549	0	0.13312	0	21.87518	1.00684	1.29182	0	4.15016	0.21227	0	0	0.24662	0	6.9533	4.21467	9.44983	0	0	0	3.16612	0	0	0	0.75075	0	0	1.71334	0	0	0.11287	0.91667	1.38021	0	0	1.26588	0	0	0	7.97482	0	0.05337	0	0.25081	0	0	0	1.82472	0	0	0	0	0	1.13636	0.16945	0	0	0	0.35365	0	0	0	0	0.1524	0	0	0	0	0	0	0	0	0	23.27459	0	0	2.4203	0	0	518.45774	0	0	0	0	0	0
Streptococcus_salivarius	2	50	0	2.59954	0.35266	1.33331	0	7.47765	4.16007	16.28717	0	61.57225	3.1948	0	0	1.56622	0	271.72084	14.0753	28.1357	0	0	0.3461	34.03076	0	0	0.37818	7.56092	0	0	9.59912	0.0813	0	0	6.71336	9.28804	0	0	8.35117	0.11439	0	0	12.85925	0.56975	0	0	11.54425	1.89252	0	0	51.84153	0	0	0	0	0	1.45393	1.51557	0	0	0.32746	9.0993	0	0	2.64027	0	0	0	0.13476	0	0	0	0.26798	0	0	0	2.28181	0	0	6.37316	0	0	2.75946	0	0	0	0	0	0.20749
Streptococcus_equinus	2	50	0	2.35768	0.97907	2.57191	0	6.96011	12.0345	28.64945	0	22.32814	1.1865	0	0	1.04086	0	149.46087	25.13793	33.79565	0	0	0.94963	66.69709	0	0	1.91376	15.79021	0	0	19.61981	0.33661	0	0	12.81277	19.84682	0	0	22.4416	0.24373	0	0	21.95531	0.58805	0	0	5.90764	0.85989	0	0	24.13235	0	0	0	0	0	3.22751	3.20611	0	0	0.3778	6.58061	0	0	3.39321	0	0	0	0.13211	0	0	0	0.4764	0	0	0	1.87713	0	0	5.54542	0	0	3.32317	0	0	0	0	0	0.06449
Streptococcus_oralis	2	50	0	1.21216	0.85171	2.20611	0	1.09077	29.35935	7.26261	0	6.73237	4.3215	0	0.07559	7.44372	0	5.50019	185.00411	7.18849	0	0.23153	5.40065	11.6606	0	0	7.39861	7.51998	0	0	28.9572	1.53599	0	0	6.46515	7.48552	0	0	14.83065	0.34187	0	0	24.86177	0.7284	0	0	6.46464	1.58892	0	0.46232	21.77177	1.06325	0	0	0	0	4.64021	0.7533	0	0	8.99228	2.73709	0	0	41.15741	3.78354	0	0.2487	1.92738	0.38135	0	0.74339	7.50585	9.34217	0	0	5.43781	0	0.06268	6.71028	0	0	6.50246	0.46415	0.09606	0.39056	0	0	0.18679
Enterococcus_faecalis	2	50	0	0	0	0	0	0	0	0	0.09507	0.17664	0	0	0.03906	0	52.99815	51.37932	0	4.97535	0	2.20476	0	0	6.91096	25.22169	0	0	0	1.09516	0	0	0	0.12176	0.64613	0	0	50.07188	0	0	0	2.40316	0	0	0	35.39721	0	0	0	1.48654	0	0	0	0	0	7.1453	0.24384	0	0	0	0	0	0	10.15779	0	0	0	119.556	0	0	0	0.85549	0	0	30.37901	1.33156	0	0	0.02097	0	0	0	0	0	7.34433	0	0	0.57336	0
Neisseria_lactamica	2	50	0	0	0.57954	11.73721	0	0	11.50264	1.84776	0	0	0	0	0	0.66674	0	0	0	0	0	0	0.94134	3.98022	0	0	0	26.78237	0	0	1.65089	9.02881	0	0	0	0.39561	0	0	0.41702	0.13293	0	0	0	179.98499	0	0	0	0	0	0	2.53554	0.18534	0	0	0	0	0.67723	0.40101	0	0	0.43559	1.85169	0	0	1.488	30.539	0	0	0.28015	11.16118	0	0	0.55381	99.49136	0	0	0	0	0	0	0	0	0	0	0	0	0	0	0
Staphylococcus_haemolyticus	2	50	0	1.23097	0	0	0	0.46556	0	0	0.11394	0.58062	0	55.63594	0	0	0.06261	0	0	0.32346	0	0	0	0	4.56402	20.41232	0	0	0	0	0	0	0	0	0	0	0	0	0	0	162.7992	1.16953	0	0	0	0.21931	0	0	0.10411	9.64553	0	0	0.088	0	0	18.86719	0	0	0	0	0	0	0.14094	0	0	0	1.59349	0.46299	0	0	0.98317	0.36924	0	0	87.67095	17.12922	0	0	0	0	0	0	0	0	0	0	0	0.71959	0
Campylobacter_concisus	2	50	0	0	0.50482	1.94463	0	0	3.54124	1.9077	0	2.98957	1.37651	0	0	6.57844	0	0	8.32529	19.59117	0	0	0.23688	5.31422	0	0	0	3.17242	0	0	1.40159	0.07347	0	0	31.39409	2.80933	0	0	14.58002	0	0	0	27.43072	0.39087	0	0	0.25963	1.322	0	0	19.68543	0.11659	0	0	0	0	2.31274	1.86084	0	0	1.73377	9.42702	0	0	11.06109	0.26319	0	0	2.06481	0	0	0	5.59384	0.13925	0	0	3.17181	0	0	28.01458	0	0	95.96138	0	0	0.91932	0	0	0.34133
Gemella_sanguinis	2	50	0	0	1.89601	2.07194	0	0	22.9715	18.46133	0	1.13401	4.20151	0	0	2.78691	0	3.91932	16.74658	17.68273	0	0	8.16148	11.18215	0	0	1.81767	1.891	0	0	39.67521	0.06495	0	0	11.63689	22.93562	0	0	12.05295	0.24827	0	0	2.73717	0.69495	0	0.76567	0.5408	0.20834	0	0	13.81432	1.92299	0	0	0	0	0.17998	1.86755	0	0	5.21933	4.071	0	0	18.52913	1.39353	0	0	1.52717	0.17989	0	0	6.02123	1.92656	0	0	0.3222	0	0	11.06863	0	0	0.98987	0	0	1.40309	0	0	0.09251
Human_herpesvirus_5	2	50	0	0	0	0	0	0	0	0	0	187.26868	0	0	0	0	0	0	0	0	0	0	0	0	0	0	0	0	0	0	0	0	0	0	0	0	0	0	0	0	0	0	0	0	0	0	0	0	0	0	0	0	0	0	0	0	0	0	0	0	0	0	0	0	0	0	0	0	0	0	0	0	0	0	0	0	0	0	0	0	0	0	77.62465	0	0	0	0	0	0
Serratia_marcescens	2	50	0	0	0	0	0	0	0	0	0	0	0	0	0	0	0	0	0	0	0	0	0	0	0	0	0	0	0	0	0	0	0	0	0	0	0	178.67627	0	0	0	0	0	0	0	0	0	0	0	0	0	0	0	0	0	0	0	0	0	0	0	0	0	0	0	0	0	0	0	0	0	0	0	0	0	0	0	0	0	0	0	0	0	0	0	0	0	0	0
Escherichia_coli	2	50	0	0	0	0	0	0	0	0	0	0.23887	0	0	0	0	0	0	0	0.15381	0	0	0	0.48789	0	0	0	0	0	8.93346	0	0	0.1942	0.78513	0.11858	2.07871	0	0	0.07434	0	0	24.45776	0	0.02303	0	0	0	0	0	0	0	0	0	0	0	0	0.04024	0.02538	0	0	0	0	0	0	0	0	0	0	0	0	0	0	0	0	0	0	0	0	0.16984	0	0	0	0	101.92926	31.01327	0	0.1601	0	0
Klebsiella_pneumoniae	2	50	0	0	0	0	0	0	0	0	0	0	0	0	0	0	0	147.90326	0	8.80432	0	0	0	0	0	0	0	0	0	0	0	0	0	0	0	0	0	0	0	0	0	0	0	0	0	0	0	0	0	0	0	0	0	0	0	0	0	0	0	0	0	0	0	0.62596	0	0	0	0.29923	0	0	0	0	0	0	0	0	0	0	0	0	1.83687	10.02012	0	0	0	0	0	0	0
Veillonella_parvula	2	50	0	0	0.50721	1.23953	0	0	2.83173	4.46783	0	6.98714	0.40249	0	0	3.47104	0	0	6.81468	7.08238	0	0	2.77661	5.23408	0	0	0.55506	1.87565	0	0	11.75711	0.12345	0	0	4.1781	1.75421	0	0.57551	4.70488	0	0	0	18.11389	0.4727	0	0	0.05346	0.23449	0	0	11.93772	0.11919	0	0	0	0	1.11128	0.92284	0	0	2.24235	2.53187	0	0	19.19067	0.74371	0	5.77038	1.76178	0	0	0	5.02133	0.53228	0	0	1.33776	0	0	5.39553	0	0	5.1093	0	0	0.33646	0	0	0.44644
Neisseria_meningitidis	2	50	0	0	0.38176	7.03403	0	0	6.0761	1.35337	0	0	0	0	0	0.77457	0	0	0	0	0	0	1.48681	1.90739	0	0	0	6.0172	0	0	4.4893	2.14938	0	0	0	0.36409	0	0	0.49274	0	0	0	0.6986	9.5948	0	0	0	0	0	0	4.08266	0.20894	0	0	0	0	0.8636	0.21263	0	0	0	0.98286	0	0	4.41668	15.57515	0	0	0.35694	5.73972	0	0	1.72976	50.3347	0	0	0	0	0	0	0	0	0	0	0	0	0	0	0
Neisseria_mucosa	2	50	0	0	0.11072	1.79112	0	0	1.75506	3.39193	0	0.25068	0.94948	0	0	0.49091	0	0	0	2.19347	0	0	1.46101	3.08743	0	0	0	5.33448	0	0	7.5906	1.55829	0	0	0.86697	7.67724	0	0	0.74369	0.07251	0	0	1.09483	0.80633	0	0	0	0	0	0	38.22377	2.51672	0	0	0	0	1.85939	0.76272	0	0	1.0253	2.68065	0	0	3.79919	2.14322	0	0	0.26977	0.69123	0	0	1.59752	6.17972	0	0	0	0	0	0	0	0	0.25534	0	0.31504	0	0	0	0
Staphylococcus_lugdunensis	2	50	0	0	0	0	0	0	0	0	0	0	0	0	0	0	0.13542	78.98089	0	0	0	0	0	0	0	0	0	0	0	0	0	0	0	0	0	0	0	0	0	0	0	0	0	0	0	0	0	0	0	0.11355	0	0	0	0	0	0	0	0	0	0	0	0	0	0	0	0	0	7.09538	0	0	0.04131	14.49445	0	0	0	0	0	0	0	0	0	0	0	0	0	0	0	0	0
Moraxella_catarrhalis	2	50	0	0	4.61816	0.35003	0	0	1.73662	0	0	0	0	0	0	0	0	0	0	0	0	0	0	0.30318	0	0	0	0	0	0	0	0	0	0	0	0	0	0	0.22865	91.60696	0	0	0	0.20684	0	0	0	0	0	0	0	0	0	0	0	0	0	0	0	0	0	0	0	0	0	0	0	0	0	0	0	0	0	0	0	0	0	0	0	0	0	0	0	0	0	0.98985	0	0	0
Neisseria_gonorrhoeae	2	50	0	0	0.26801	4.98261	0	0	4.27148	1.09555	0	0	0	0	0	0	0	0	0	0	0	0	0.48069	1.21464	0	0	0	6.10199	0	0	2.50756	2.11255	0	0	0	0.4275	0	0	0.38252	0	0	0	0	6.34494	0	0	0	0	0	0	5.15214	0.17611	0	0	0	0	0.34813	0.15666	0	0	0	0.86349	0	0	0	11.72289	0	0	0.1726	4.27285	0	0	0.77743	38.15546	0	0	0	0	0	0	0	0	0	0	0	0	0	0	0
Streptococcus_gordonii	2	50	0	0.94001	0.16394	0.3939	0	1.30799	6.00965	1.54859	0	1.09146	1.03752	0	0	0.64761	0	1.89084	23.71873	1.28552	0	0	0.74819	1.47168	0	0	1.49377	0.89985	0	0	6.11313	0.16209	0	0	0.81108	0.70669	0	0	1.97799	0	0	0	4.09194	0.06753	0	0	0.81902	0	0	0	2.24667	0.13149	0	0	0	0	0.66875	0.07817	0	0	2.92117	0.38524	0	0	12.10404	0.39903	0	0	0.40343	0	0	0	2.0197	1.67019	0	0	0.47524	0	0	1.07664	0	0	1.65775	0	0	0	0	0	0
Raoultella_ornithinolytica	2	50	0	0	0	0	0	0	0	0	0	0	0	0	0	0	0	0	0	0	0	0	0	0	0	0	0	0	0	0	0	0	0	0	0	0	0	0	0	0	0	0	0	0	0	0	0	0	0	24.45724	0	0	0	53.94562	0.01894	0	0	0	0	0	0	0	0	0	0	0	0	0	0	0	0	0	0	0	0	0	0	0	0	0	0	0	0	0	0	0	0	0	0
Enterococcus_faecium	2	50	0	0	0	0	0	0	0	0	0	0	0	0	0	0	0	0	0	0	0	0	0	0.29398	0	0	0	0	0	0	0	0	0	0	0	0	0	0	0	0	0	0	0	0	0	0	0	0	0	0	0	0	0	0	0	0	0	0.12728	0	0	0	0	0	0	0	0	0	0	0	0	0	0	0	0	0	0	0	0	0	0	0	0	0	0	0	0	0.16506	75.35148	0
Capnocytophaga_leadbetteri	2	50	0	0	1.68016	4.06412	0	0	21.32993	5.11018	0	0	0	0	0	0	0	0	0	0	0	0	4.75635	0.2622	0	0	0.25248	3.94141	0	0	3.30016	0	0	0	0	0.30054	0	0	0	0.10229	0	0	0	0.10222	0	0	0	0	0	0	0	0	0	0	0	0	0	0.31854	0	0	0	6.53318	0	0	0	1.07219	0	0	3.74208	0.2351	0	0	14.19301	1.88073	0	0	0	0	0	0	0	0	0	0	0	0	0	0	0
Streptococcus_cristatus	2	50	0	0.62997	0.14537	0.31546	0	0.88921	3.82362	1.7281	0	1.19283	1.17414	0	0	1.18708	0	0	9.04399	1.66301	0	0	1.2343	2.44268	0	0	1.92575	1.14509	0	0	6.59031	0.21353	0	0	1.13245	1.51689	0	0	3.86607	0	0	0	4.40367	0.06959	0	0	0.65569	0.53225	0	0	5.59743	0.21123	0	0	0	0	0.66236	0.19107	0	0	2.08289	0.59331	0	0	7.04231	0.66695	0	0	0.2799	0	0	0	0.90865	1.3503	0	0	0.52661	0	0	1.38557	0	0	0.8422	0	0	0.1137	0	0	0
Capnocytophaga_gingivalis	2	50	0	0	0.55747	4.56996	0	0	5.05323	5.15198	0	0	0	0	0	0	0	0	0	0	0	0	7.90991	0.52188	0	0	0.48502	2.82117	0	0	4.54748	0	0	0	0	0.05995	0	0	0	0	0	0	0	0.13936	0	0	0	0	0	0	0	1.22626	0	0	0	0	0	0.07561	0	0	0	1.04068	0	0	30.01463	0.42853	0	0	0.41361	0	0	0	1.02504	0.29154	0	0	0	0	0	0	0	0	0	0	0	0	0	0	0
Atopobium_parvulum	2	50	0	0	0.1331	0.19557	0	0	0.47599	0.4688	0	2.66859	0	0	0	0.88929	0	0	6.48365	1.87842	0	0	0	0	0	0	0	0	0	0	0	0	0	0	2.48773	1.55547	0	0	0	0	0	0	16.28806	0.14979	0	0	0	0	0	0	0	0	0	0	0	0	0.14806	0.1539	0	0	0	1.00195	0	0	5.33085	0	0	0	0.60891	0	0	0	1.99558	0	0	0	1.27953	0	0	13.49839	0	0	5.20631	0	0	0	0	0	0.19155
Prevotella_enoeca	2	50	0	0	0.14436	0.23616	0	0	0.88155	0.3096	0	1.89411	0.1546	0	0	3.00973	0	0	2.81076	7.45767	0	0	0.1554	0.73028	0	0	0	0.60723	0	0	1.04523	0.24886	0	0	2.51338	0.73469	0	0	0	0	0	0	21.33321	0.18907	0	0	0	0.16086	0	0	3.21122	0	0	0	0	0	0.151	0.74625	0	0	0.10439	0.6294	0	0	4.61903	0.61144	0	0	0.3797	0.12466	0	0	0.56822	1.21057	0	0	0.57146	0	0	2.88186	0	0	2.08157	0	0	0	0	0	0.13804
Cutibacterium_acnes	2	50	0	0	0	0.11866	0	0.07066	0.78707	0.12216	0	12.20695	1.06093	0	0.09965	1.28145	0	0.19376	9.40257	5.4827	0	0	0.15036	0	0	0	0.96217	0.72201	0	0	4.32793	0	0	0	1.81349	0.19773	0	0.10958	1.086	0	0	0	10.00229	0.56417	0	0	0	0.07865	0	0.05573	3.23742	0	0	0	0	0	0.34203	0	0	0	0.09085	0.09462	0	0	3.61153	0	0	0	0.21784	0	0	0	0.13063	0	0	0	0.37513	0.04238	0	0.54952	0	0	0.76201	0	0	0	0	0	0
Fusobacterium_hwasookii	2	50	0	0	0.86058	0.78379	0	0	3.96461	2.19138	0	0	0.18309	0	0	1.62092	0	0	3.2323	0.45634	0	0	1.28193	0.545	0	0	0	0.75441	0	0	3.54179	0.19778	0	0	4.10613	2.78569	0	0	1.16028	0.04745	0	0	0.78274	0.18114	0	0	0	0.06491	0	0	4.50088	0.28323	0	0	0	0	0.48745	0.98936	0	0	0.75743	3.889	0	0	4.90337	1.55132	0	0	2.57497	0.2345	0	0	3.47609	1.08509	0	0	0.22446	0	0	0	0	0	5.93542	0	0	0.70496	0	0	0
Ureaplasma_parvum	2	50	0	0	0	0	0	0	0	0	0	0	0	0	0	0	0	0	0	0	0	0	0	0	0	0	0	0	0	0	0	0	0	0	0	0	0	0	0	0	0.25501	0	0	0	0	0	0	0	0	0	0	0	0	0	0	0	0	0	44.19405	13.68252	0	0	0	0	0	0	0	0	0	0	0	0	0	0	0	0	0	0	0	0	0	0	0	0	0	0	0	0	0
Lautropia_mirabilis	2	50	0	0	0	0.09271	0	0	0	3.58986	0	0	0.07047	0	0	0	0	0	0	1.21818	0	0	0	0.25584	0	0	0	0.41083	0	0	0	0.13829	0	0	0	0.05055	0	51.23403	0	0	0	0	0	0.16781	0	0	0	0	0	0	0	0	0	0	0	0	0	0.17782	0	0	0	0.17004	0	0	0	0	0	0	0	0	0	0	0	0	0	0	0	0	0	0	0	0	0	0	0	0	0	0	0
Prevotella_fusca	2	50	0	0	0.19814	0.29312	0	0	1.43144	0.28608	0	1.86243	0.15561	0	0	0.80983	0	0	0	5.09801	0	0	0.34098	1.26511	0	0	0	0.59399	0	0	0	0	0	0	4.05639	1.04173	0	0	0	0	0	0	8.20061	0.16506	0	0	0	0.22644	0	0	2.36383	0	0	0	0	0	0.74481	0.96922	0	0	0	0.79095	0	0	13.03982	0.88809	0	0	0.70108	0.13423	0	0	1.95297	1.21791	0	0	0.47291	0	0	3.67805	0	0	1.94969	0	0	0.13685	0	0	0
Bifidobacterium_bifidum	2	50	0	0	0	0	0	0	0	0	0	0	0.07505	0	0	0	0	53.49722	0	0.34217	0	0	0	0	0	0	0	0	0	0	0	0	0	0	0	0	0	0	0	0	0	0	0	0	0	0	0	0	0	0	0	0	0	0	0	0	0	0	0	0	0	0	0	0	0	0	0	0	0	0	0	0	0	0.20955	0	0	0	0	0	0	0	0	0	0	0	0	0.91037	0	0
Prevotella_denticola	2	50	0	0	0.12223	0.22781	0	0	0.73874	0.22704	0	2.85276	0.1192	0	0	1.34778	0	0	1.70868	4.59261	0	0	0.0972	0.54514	0	0	0	0.25369	0	0	0.62972	0	0	0	3.60571	1.02039	0	0	0	0	0	0	11.84553	0.12427	0	0	0	0.36065	0	0	1.7705	0	0	0	0	0	0.34066	0.78468	0	0	0.09362	0.63102	0	0	7.41119	0.50572	0	0	0.52112	0.0913	0	0	1.89031	0.66622	0	0	0.55622	0	0	5.08823	0	0	2.39102	0	0	0.12587	0	0	0.11095
Leptotrichia_buccalis	2	50	0	0	0.1946	1.82464	0	0	0.84878	1.25387	0	0.21229	0.11855	0	0	1.86948	0	0	0	2.64881	0	0	0.15117	1.03541	0	0	0	2.43175	0	0	1.12814	0.25185	0	0	3.83459	0.79239	0	0	0	0	0	0	1.99163	0.22827	0	0	0	0.09388	0	0	6.01862	0.05179	0	0	0	0	0.11927	0.15791	0	0	0.20128	3.09338	0	0	1.07712	0.66831	0	0	1.44735	0	0	0	0.34834	0.49199	0	0	1.04396	0	0	7.58787	0	0	8.17043	0	0	0.44407	0	0	0
Bifidobacterium_pseudocatenulatum	2	50	0	0	0	0	0	0	0	0	0	0	0	0	0	0	0	0	0	0	0	0	0	0	0	0	0	0	0	0	0	0	0	0	0	47.56484	0	0	0	0	0	0	0	0	0	0	0	0	0	0	0	0	0	0	0	0	1.38307	0	0	0	0	0	0	0	0	0	0	0	0	0	0	0	0	0	0	0	0	0	0	0	0	0	0	0	0	0	0	0	0
Bifidobacterium_longum	2	50	0	0.38027	0	0	0	0.456	0	0	0	16.10883	0.13092	0	0	0	0	0	0	0.90345	0	0	0	4.84267	0	0	0	0	0	0	0	0.07398	0	0.06258	3.99095	5.43045	0	0	0	0.04809	0	0	0	0	0	6.19369	0	0	0	0	0	0	0	0	0	0.06043	0.86221	0.06636	0	0	0	0	0	0	0	0	0	0	0.05269	0	0	0	0	0.21622	0	0	0.54867	0.06219	0	0.14691	0	0	0.27861	0.04425	0	0	3.18035	0	1.43091
Streptococcus_sanguinis	2	50	0	0	0.07805	0.19865	0	0.79004	3.9888	1.21969	0	0.9944	0.67214	0	0	0.86437	0	0	0	1.94448	0	0	0.34497	1.39607	0	0	0	0.58649	0	0	2.67687	0.13481	0	0	0.99346	1.33326	0	0	1.0231	0	0	0	2.31592	0.07733	0	0	0.98324	0	0	0	3.40763	0.10017	0	0	0	0	0.22758	0.07941	0	0	1.43264	0.4484	0	0	9.4578	0.30992	0	0	0	0	0	0	1.17829	0	0	0	0.2812	0	0	0.73008	0	0	1.1228	0	0	0	0	0	0
Bifidobacterium_breve	2	50	0	0.06255	0	0	0	0.09853	0	0	0	2.14485	0.55004	0	0	0	0	0	0	0.66408	0	0	0	15.68451	0	0	0	0	0	0	0	0.1925	0	0	0.74446	6.17388	0	0	0	0	0	0	0	0	0	1.55845	0	0	0	0	0	0	0	0	0	0.07633	3.84447	0.62578	0	0.10411	0	0.10854	0	0	0	0	0	0	0	0.05992	0	0	0.0851	0.41695	0	0	0.08025	0	0.18385	0	0	0	0.79496	0.11604	0	0	0.32919	0.06747	3.7707
Neisseria_elongata	2	50	0	0	0	0.79118	0	0	1.50056	0.80671	0	0	0.09213	0	0	0	0	0	0	0.22613	0	0	1.37256	0.67641	0	0	0	2.47502	0	0	2.93791	0.76549	0	0	0	0.67134	0	0	0	0	0	0	0	0.39893	0	0	0	0	0	0	6.0745	0.17359	0	0	0	0	0.50892	0.1597	0	0	0.86496	2.1202	0	0	3.00373	1.78382	0	0	0.20079	0.59128	0	0	0.93433	5.2907	0	0	0	0	0	0	0	0	0	0	0	0	0	0	0
Staphylococcus_aureus	2	50	0	0.04295	0.056	0	0	0.06239	0	0	1.45913	0	0	0	0	0	0	0	0	0.30952	0	0	0	0	0	0	0	0	0	0	0	0	0.29993	0	0	0	0	0	0	0	0	0	0	0	0	0.40521	0	0	4.75874	5.06126	0.95194	0	0	1.74974	0	0	0	0	0	8.65166	0	0	0	0	0	0	0	0	0	0	0	0	0	0	0	0	0.49205	0	1.81291	0	0	3.95948	0	0	3.86802	0	0	0	0
Actinomyces_meyeri	2	50	0	0	0.08736	0.41589	0	0	0.57462	1.05266	0	0.70314	0	0	0	0.67909	0	0	3.59558	0.64415	0	0	0.37976	0.57496	0	0	0	0	0	0	1.80885	0	0	0	1.57582	0.88865	0	0	0	0	0	0	5.14758	0.08127	0	0	0.05736	0	0	0	5.05977	0	0	0	0	0	0.27275	0.07551	0	0	0.1103	0.29121	0	0	1.84614	0	0	0	0.12217	0	0	0	0.39191	0	0	0	0.52456	0	0	1.41788	0	0	0.35568	0	0	0.06537	0	0	0
Gemella_morbillorum	2	50	0	0.22767	0	0.30776	0	0.34323	1.22437	0.34747	0	0.74959	0.78885	0	0	1.38711	0	2.24644	0	0.71143	0	0	0	0.43826	0	0	0	0.42104	0	0	1.18754	0	0	0	0.90043	0.27421	0	0	3.36582	0.08904	0	0	0	0.21985	0	0.65245	0.33956	0	0	0	0	0	0	0	0	0	0.13707	0.33268	0	0	0	0.77084	0	0	1.47511	0.67488	0	0	0.26941	0	0	0	0.53224	1.14527	0	0	0.43235	0	0	0.42689	0	0	0.83068	0	0	0	0	0	0
Fusobacterium_nucleatum	2	50	0	0	0.19046	0.21458	0	0	0.84582	0.52581	0	0	0.6024	0	0	0.57613	0	0	0	0.21324	0	0	0.47313	0.24293	0	0	0	0.30331	0	0	1.37853	0	0	0	1.79805	1.14187	0	0	0	0	0	0	0	0.32906	0	0	0	0.3096	0	0	1.63634	0.11402	0	0	0	0	0.15447	0.2548	0	0	0.40993	1.4633	0	0	1.90299	0.79508	0	0	1.11672	0.17761	0	0	1.3555	0.60621	0	0	0.88395	0	0	0	0	0	2.19391	0	0	0.18023	0	0	0
Bifidobacterium_scardovii	2	50	0	0	0	0	0	0	0	0	0	0.62013	0	0	0	0	0	0	0	0.0668	0	0	0	0.06331	0	0	0	0	0	0	0	0	0	0	0	19.14737	0	0	0	0	0	0	0	0	0	0.09566	0	0	0	0	0	0	0	0	0	0	0	0	0	0	0	0	0	0	0	0	0	0	0	0	0	0	0	0	0	0	0	0	0	0	0	0	0	0	0	0	0.32289	0	0.67453
Eubacterium_sulci	2	50	0	0	0	0.20665	0	0	0	0.18065	0	0	0	0	0	0.67858	0	0	0	0	0	0	0	0	0	0	0	0	0	0	0	0	0	0	5.70752	1.62716	0	0	0	0	0	0	0	0	0	0	0	0	0	0	0	0	0	0	0	0	0	1.32694	0	0	0	0.21386	0	0	6.11624	0.16566	0	0	2.5849	0	0	0	2.04758	0	0	0	0	0	0	0	0	0	0	0	0	0	0	0	0
Klebsiella_michiganensis	2	50	0	0	0	0	0	0	0	0	0	0	0	0	0	0	0	0	0	0	0	12.75615	0	0	0	7.06745	0	0	0	0.08607	0	0	0	0	0	0	0	0	0	0	0	0	0	0	0	0	0	0	0	0.24248	0	0	0	0.48568	0	0	0	0	0	0	0	0	0	0	0	0	0	0	0	0	0	0	0	0	0	0	0	0	0	0	0	0	0	0	0.00965	0	0	0	0
Mycoplasma_hominis	2	50	0	0	0	0	0	0	0	0	0	0	0	0	0	0	0	0	0	0	0	0	0	0	0	0	0	0	0	0	0	0	0	0	0	0	0	0	0	0	0	0	0	0	0	0	0	0	0	0	0	0	0	0	0	0	0	0	0	14.68757	0	1.37419	0	0	0	0	0	0	0	0	0	0	0	0	0	0	0	0	0	0	0	0	0	0	0	0	0	0	0
Streptococcus_anginosus	2	50	0	0	0	0	0	0	0.81597	0.28526	0	0	0	6.68067	0.18999	0	0	0	0	0.67889	0	0	0.26909	0.69385	0	0	0	0	0	0	1.79051	0	0	0	0	0.50276	0	0	0.53413	0	0	0	1.4984	0.22024	0	0	0.38836	0	0	0	0	0	0	0	0	0	0	0	0	0	0	0.19052	0	0	0	0	0	0	0	0	0	0	0	0	0	0	0	0	0	0.44788	0	0	0	0	0	0	0	0	0
Capnocytophaga_sputigena	2	50	0	0	0	0.11435	0	0	0.31446	0.31713	0	0	0.13015	0	0	1.18933	0	0	0	0.31438	0	0	0.13611	0.26177	0	0	0	0.37587	0	0	0	0	0	0	0	0.41849	0	0	0	0	0	0	0	0.29444	0	0	0	0	0	0	0	1.96946	0	0	0	0	0	1.92889	0	0	0	1.13669	0	0	0	2.47643	0	0	0	0.13782	0	0	0.16807	0.51376	0	0	0	0	0	0	0	0	0	0	0	0	0	0	0
Aggregatibacter_aphrophilus	2	50	0	0	0	0.19778	0	0	1.19831	0.13322	0	0	0	0	0	0.57206	0	0	0	0	0	0	0	0.39264	0	0	0	0.26361	0	0	0.46117	0	0	0	1.05934	0.24115	0	0.21946	0.71698	0	0	0	0	0	0	0	0	0	0	0	0.87526	0	0	0	0	0	0.3061	0	0	0	0.69287	0.4724	0	0	2.33639	0.27824	0	0.42873	0.16018	0	0	0	0.26856	0.47783	0	0	0	0	0	0	0	0	0	0	0	0.06414	0	0	0
Klebsiella_oxytoca	2	50	0	0	0	0	0	0	0	0	0	0	0	0	0	0	0	0.30902	0	0	0	6.1733	0	0	0	3.48734	0	0	0	0.04763	0	0	0	0	0	0	0	0	0	0	0	0	0	0	0	0	0	0	0	0	0	0	0	0	0	0	0	0	0	0	0	0	0	1.08075	0	0	0	0.47174	0	0	0	0	0	0	0	0	0	0	0	0	0	0	0	0	0	0	0	0	0
Prevotella_intermedia	2	50	0	0	0	0	0	0	0	0	0	0	5.38535	0	0	0	0	0	0	3.12361	0	0	0	0	0	0	0	0	0	0	0	0	0	0	0	1.73279	0	0	0	0	0	0	0	0	0	0	0	0	0	0	0	0	0	0	0	0	0	0.80945	0	0	0	0	0	0	0	0	0	0	0	0	0	0	0	0	0	0	0	0	0	0	0	0	0	0	0	0	0	0	0
Rothia_aeria	2	50	0	0	0	0.43977	0	0	0	0.55288	0	0.97183	1.54584	0	0	0	0	0	0	0.33645	0	0	0	0.83555	0	0	0	3.13745	0	0	0	0.52351	0	0	0	0.57345	0	0	0	0.04486	0	0	0	0	0	0	0	0	0	0	0	0.11014	0	0	0	0	0.4528	0.11608	0	0	0	1.28426	0	0	0	0	0	0	0	0	0	0	0	0	0	0	0	0	0	0	0	0	0	0	0	0	0	0	0
Moraxella_osloensis	2	50	0	0	0	0	0	0	0	0	0	2.01574	0.1329	0	0	0.21518	0	0	1.56731	4.37737	0	0	0	0	0	0	0	0	0	0	0	0	0	0	0.17918	0.79559	0	0	0	0	0	0	0.76504	0.08691	0	0	0	0	0	0	0	0	0	0	0	0	0.09159	0	0	0	0	0	0	0	0	0	0	0	0	0	0	0	0	0	0	0	0	0	0	0	0	0	0	0	0	0	0	0	0
Staphylococcus_saprophyticus	2	50	0	0	0	0.3459	0	0	0	1.57889	0	0	0	0	0	0	0	0	0	0.10626	0	0	0	0	0	0	0	0	0	0	0	0	0	0	0	0	0	0	0	0	0	0	0.33082	0	0	0	0	0	0	0	0	0	0	0	0	0	7.24246	0	0	0	0	0	0	0	0	0	0	0	0	0	0	0	0	0	0	0	0	0	0	0	0	0	0	0	0	0	0	0	0
Porphyromonas_gingivalis	2	50	0	0	0	0.12103	0	0	0.74999	0.24827	0	0	0	0	0	0	0	0	0	0	0	0	0	0	0	0	0	0	0	0	0	0	0	0	0	0.18764	0	0	0	0	0	0	0	0	0	0	0	0	0	0	0	0	0	0	0	0	0	0.08733	0	0	0	0.21362	0	0	5.65968	0.32102	0	0	0.14475	0	0	0	0.23204	0.83512	0	0	0	0	0	0	0	0	0	0	0	0	0	0	0
Rothia_dentocariosa	2	50	0	0	0	0	0	0	0	0.43279	0	1.19478	1.21446	0	0	0.20657	0	0	0	0.26531	0	0	0	1.21354	0	0	0	0.69812	0	0	0	0.04215	0	0	0	0	0	0	0	0	0	0	0	0.06732	0	0	0	0	0	0	0	0	0	0	0	0	0.92991	1.93561	0	0	0	0.06803	0	0	0	0	0	0	0	0	0	0	0	0	0	0	0.15794	0	0	0	0	0	0	0	0	0.1767	0	0	0
Staphylococcus_capitis	2	50	0	0	0	0	0	0	0	0	0	0	0	0	0	0	0	0.59168	0	0.25703	0.07856	0	0	0	0	0	0	0	0	0	0	0	0	0	0	0	0	0	0	0	0.74837	0	0	0	0	0.14578	0	0	0	0	0	0	0	0	0	0	0	0	0	0	0	0	0.56907	0	0	0	1.76759	0.37734	0	0	0.21357	0.22428	0	0	2.14526	0.05469	0	0.03373	0	0	0	0	0	0	0	0	0	1.29652	0
Ureaplasma_urealyticum	2	50	0	0	0	0	0	0	0	0	0	0	0	0	0	0	0	0	0	0	0	0	0	0	0	0	0	0	0	0	0	0	0	0	0	0	0	0	0	0	0	0	0	0	0	0	0	0	0	0	0	0	0	0	0	0	0	0	7.34043	0	0	0	0	0	0	0	0	0	0	0	0	0	0	0	0	0	0	0	0	0	0	0	0	0	0	0	0	0	0
Acinetobacter_johnsonii	2	50	0	0	0	0	0	0	0.11142	2.7869	0	0.48266	0.04186	0	0	0	0	0	0	1.83071	0	0	0	0	0	0	0	0.0511	0	0	0	0	0	0	0.15682	0.58888	0	0	0.12038	0	0	0	0.15881	0	0	0	0	0	0	0	0	0	0	0	0	0	0.13859	0	0	0	0	0	0	0	0	0	0	0	0	0	0	0	0	0	0	0	0	0	0	0	0	0	0	0	0	0	0	0	0
Porphyromonas_asaccharolytica	2	50	0	0	0	0	0	0	0.54444	0	0	0	0	0	0	0	0	0	0	0	0	0	0	0	0	0	0	0	0	0	0	0	0	0	0	0.20203	0	0	0	0	0	0	0	0	0	0	0	0	0	0	0.76696	0	0	0	0	0	0	0.11872	0	0	0	0.14249	0	0	4.63983	0	0	0	0	0	0	0	0	0	0	0	0	0	0	0	0	0	0	0	0	0	0	0	0
Escherichia_fergusonii	2	50	0	0	0	0	0	0	0	0	0	0	0	0	0	0	0	0	0	0	0	0	0	0	0	0	0	0	0	0.59042	0	0	0	0.05531	0	0.16379	0	0	0	0	0	1.89573	0	0	0	0	0	0	0	0	0	0	0	0	0	0	0	0	0	0	0	0	0	0	0	0	0	0	0	0	0	0	0	0	0	0	0	0	0.01346	0	0	0	0	2.47715	0.7852	0	0	0	0
Lactococcus_lactis	2	50	0	0	0	0	0	0	0	0	0	0.73754	0	0	0	0	0	0	0	5.12854	0	0	0	0	0	0	0	0	0	0	0	0	0	0	0	0	0	0	0	0	0	0	0	0	0	0	0	0	0	0	0	0	0	0	0	0	0	0	0	0	0	0	0	0	0	0	0	0	0	0	0	0	0	0	0	0	0	0	0	0	0	0	0	0	0	0	0	0	0
Citrobacter_portucalensis	2	50	0	0	0	0	0	0	0	0	0	0	0	0	0	0	0	0	0	0	0	0	0	0	0	0	0	0	0	0	0	0	0	0	0	0	0	0	0	0	0	0	0	0	0	0	0	0	0	0	0	0	0	0	0	5.6217	0.04005	0	0	0	0	0	0	0	0	0	0	0	0	0	0	0	0	0	0	0	0	0	0	0	0	0	0	0	0	0	0	0	0
Klebsiella_quasipneumoniae	2	50	0	0	0	0	0	0	0	0	0	0	0	0	0	0	0	1.49912	0	0.1152	0	0	0	0	0	0	0	0	0	0	0	0	0	0	0	0	0	0	0	0	0	0	0	0	0	0	0	0	0	0	0	0	0	0	0	0	0	0	0	0	0	0	0	1.9949	0	0	0	0.91042	0	0	0	0	0	0	0	0	0	0	0	0	0.04135	0.24566	0	0	0	0	0	0	0
Streptobacillus_moniliformis	2	50	0	0	0	0.35534	0	0	0	0.19997	0	0	0	0	0	0	0	0	0	0	0	0	0	0.17841	0	0	0	0.91565	0	0	0	0.18341	0	0	0.47573	0.09053	0	0	0	0	0	0	0	0.10191	0	0	0	0	0	0	0	0	0	0	0	0	0	0	0	0	0	0	0	0	0	0.63514	0	0	0	0.15567	0	0	0	0.91447	0	0	0	0	0	0.504	0	0	0	0	0	0	0	0	0
Edwardsiella_ictaluri	2	50	0	0	0	0	0	0	0	0	0	0	0	0	0	0	0	0	0	0	0	2.66221	0	0	0	1.43659	0	0	0	0	0	0	0	0	0	0	0	0	0	0	0	0	0	0	0	0	0	0	0	0	0	0	0	0	0	0	0	0	0	0	0	0	0	0	0	0	0	0	0	0	0	0	0	0	0	0	0	0	0	0	0	0	0	0	0	0	0	0	0
Klebsiella_variicola	2	50	0	0	0	0	0	0	0	0	0	0	0	0	0	0	0	2.29713	0	0.25529	0	0.2858	0	0	0	0.14854	0	0	0	0	0	0	0	0	0	0	0	0	0	0	0	0	0	0	0	0	0	0	0	0	0	0	0	0	0	0	0	0	0	0	0	0	0	0.58569	0	0	0	0.27055	0	0	0	0	0	0	0	0	0	0	0	0	0.03111	0.16549	0	0	0	0	0	0	0
Prevotella_ruminicola	2	50	0	0	0	0	0	0	0.26238	0	0	0	0	0	0	0	0	0	0	0.19318	0	0	0	0	0	0	0	0	0	0	0	0	0	0	0.50237	0.08453	0	0	0	0	0	0	0.95903	0.04802	0	0	0	0	0	0	0	0	0	0	0	0	0	0.06757	0	0	0	0.09378	0	0	1.11765	0.11298	0	0	0.06017	0	0	0	0.13232	0	0	0	0	0	0	0.23295	0	0	0.16661	0	0	0	0	0	0
Micrococcus_luteus	2	50	0	0	0	0	0	0	0	0.07943	0	1.95096	0.15687	0	0	0.29805	0	0	0	0.17559	0	0	0	0	0	0	0	0	0	0	0	0	0	0	0.38307	0	0	0	0	0	0	0	0	0.03344	0	0	0	0	0	0	0	0	0	0	0	0	0.16606	0	0	0	0	0	0	0	0	0	0	0	0	0	0	0	0	0	0	0	0	0	0	0.09811	0	0	0.13236	0	0	0	0	0	0
Erysipelotrichaceae_bacterium	2	50	0	0	0	0	0	0	0	0	0	0	0	0	0	0	0	0	0	0.06644	0	0	0	0	0	0	0	0	0	0	0	0	0	0	0	3.35175	0	0	0	0	0	0	0	0	0	0	0	0	0	0	0	0	0	0	0	0	0	0	0	0	0	0	0	0	0	0	0	0	0	0	0	0	0	0	0	0	0	0	0	0	0	0	0	0	0	0	0	0	0
Escherichia_albertii	2	50	0	0	0	0	0	0	0	0	0	0	0	0	0	0	0	0	0	0	0	0	0	0	0	0	0	0	0	0.15146	0	0	0	0	0	0.04268	0	0	0	0	0	0.58588	0	0	0	0	0	0	0	0	0	0	0	0	0	0	0	0	0	0	0	0	0	0	0	0	0	0	0	0	0	0	0	0	0	0	0	0	0	0	0	0	0	1.91088	0.60268	0	0	0	0
Klebsiella_quasivariicola	2	50	0	0	0	0	0	0	0	0	0	0	0	0	0	0	0	1.31727	0	0.16695	0	0	0	0	0	0	0	0	0	0	0	0	0	0	0	0	0	0	0	0	0	0	0	0	0	0	0	0	0	0	0	0	0	0	0	0	0	0	0	0	0	0	0	1.05592	0	0	0	0.50387	0	0	0	0	0	0	0	0	0	0	0	0	0.03041	0.15058	0	0	0	0	0	0	0
Streptococcus_himalayensis	2	50	0	0	0	0	0	0	0	0.31717	0	0	0	0	0	0	0	0	0	0.26092	0	0	0	0.27682	0	0	0	0	0	0	0	0	0	0	0	0.17077	0	0	0	0	0	0	1.02941	0	0	0	0.12641	0	0	0	0.67103	0	0	0	0	0	0.16599	0	0	0	0.17434	0	0	0	0	0	0	0	0	0	0	0	0	0	0	0	0	0	0	0	0	0	0	0	0	0	0	0	0
Abiotrophia_defectiva	2	50	0	0	0	0	0	0	0	0.52394	0	0	0	0	0	0	0	0	0	0.71558	0	0	0	0.2768	0	0	0	0.17815	0	0	0	0.07699	0	0	0	0.77428	0	0	0	0	0	0	0	0.04263	0	0	0	0	0	0	0	0	0	0	0	0	0	0.0912	0	0	0	0.14236	0	0	0	0	0	0	0	0	0	0	0	0	0	0	0	0	0	0	0	0	0	0	0	0	0	0	0
Bifidobacterium_catenulatum	2	50	0	0	0	0	0	0	0	0	0	0	0	0	0	0	0	0	0	0	0	0	0	0	0	0	0	0	0	0	0	0	0	0	0	2.78305	0	0	0	0	0	0	0	0	0	0	0	0	0	0	0	0	0	0	0	0	0	0	0	0	0	0	0	0	0	0	0	0	0	0	0	0	0	0	0	0	0	0	0	0	0	0	0	0	0	0	0	0	0
Macrococcus_caseolyticus	2	50	0	0	0	0	0	0	0	0	0	0	0	0	0	0	0	0	0	2.7296	0	0	0	0	0	0	0	0	0	0	0	0	0	0	0	0	0	0	0	0	0	0	0	0	0	0	0	0	0	0	0	0	0	0	0	0	0	0	0	0	0	0	0	0	0	0	0	0	0	0	0	0	0	0	0	0	0	0	0	0	0	0	0	0	0	0	0	0	0
Clostridium_perfringens	2	50	0	0	0	0	0	0	0	0	0	0	0	0	0	0	0	0	0	0	0	0	0	0.10334	0	0	0	0	0	0	0	0	0	0	0	0	0	0	0	0	0	0	0	0	0	0	0	0	0	0	0	0	0	0	0	0	0	0	0	0	0	0	0	0	0	0	0	0	0	0	0	2.43108	0	0	0	0	0	0	0	0	0	0	0	0	0	0	0.02347	0	0
Escherichia_marmotae	2	50	0	0	0	0	0	0	0	0	0	0	0	0	0	0	0	0	0	0	0	0	0	0	0	0	0	0	0	0.09161	0	0	0	0.01682	0	0.15458	0	0	0	0	0	0.63985	0	0	0	0	0	0	0	0	0	0	0	0	0	0	0	0	0	0	0	0	0	0	0	0	0	0	0	0	0	0	0	0	0	0	0	0	0	0	0	0	0	1.14939	0.34741	0	0	0	0
Acinetobacter_pittii	2	50	0	0	0	0	0	0	0	0	0	0.12968	0	0	0	0	0	0	0	1.44058	0	0	0	0	0	0	0	0	0	0	0	0	0	0	0.24383	0	0	0	0	0	0	0	0.54434	0	0	0	0	0	0	0	0	0	0	0	0	0	0	0	0	0	0	0	0	0	0	0	0	0	0	0	0	0	0	0	0	0	0	0	0	0	0	0	0	0	0	0	0	0	0
Bifidobacterium_kashiwanohense	2	50	0	0	0	0	0	0	0	0	0	0	0	0	0	0	0	0.40758	0	0	0	0	0	0	0	0	0	0	0	0	0	0	0	0	0	1.70239	0	0	0	0	0	0	0	0	0	0.17565	0	0	0	0	0	0	0	0	0	0	0.0676	0	0	0	0	0	0	0	0	0	0	0	0	0	0	0	0	0	0	0	0	0	0	0	0	0	0	0	0	0	0	0	0
Streptococcus_constellatus	2	50	0	0	0	0.28094	0	0	0	0.30062	0	0	0	0.68164	0	0	0	0	0	0	0	0	0	0.51143	0	0	0	0	0	0	0	0	0	0	0	0.1408	0	0	0	0	0	0	0	0.05786	0	0	0.15564	0.16333	0	0	0	0	0	0	0	0	0	0	0	0	0	0	0	0	0	0	0	0	0	0	0	0	0	0	0	0	0	0	0	0	0	0	0	0	0	0	0	0	0
Streptococcus_intermedius	2	50	0	0	0	0	0	0	0	0	0	0	0	0.37749	0	0	0	0	0	0	0	0	0	0.28353	0	0	0	0	0	0	0	0	0	0	0	0.13228	0	0	0	0	0	0	1.20776	0	0	0	0.18664	0	0	0	0	0	0	0	0	0	0	0	0	0	0	0	0	0	0	0	0	0	0	0	0	0	0	0	0	0	0	0	0	0	0	0	0	0	0	0	0	0	0
Tannerella_forsythia	2	50	0	0	0	0	0	0	0	0	0	0	0.48287	0	0	0	0	0	0	0	0	0	0	0	0	0	0	0	0	0	0	0	0	0	0	0.15368	0	0	0	0	0	0	0	0.04868	0	0	0	0.06486	0	0	0	0	0	0	0	0	0	0.08237	0	0	0	0.07965	0	0	0	0	0	0	0.06065	0	0	0	0	0	0	0	0.05739	0	0	0.48674	0	0	0.43179	0	0	0	0	0	0
Corynebacterium_lactis	2	50	0	0	0	0	0	0	0	0	0	0	0	0	0	0	0	0	0	0	0	0	0	0	0	0	0	0	0	0	0	0	0	0	0	0	0	0	0	0	0	0	0	0	0	0	0	0	0	0	0	0	0	0	0	0	0	0	0	0	0	0	0	0	0	0	0	0.20843	0	0	0	0	0	0	0	0	0	0	0	0	0	0	0	0	0	0	0	1.73953	0
Streptococcus_agalactiae	2	50	0	0	0	0	0	0	0.83149	0	0	0	0	0	0	0	0	0	0	0	0	0	0	0	0	0	0	0	0	0	0	0	0	0	0	0	0	0	1.01869	0	0	0	0	0	0	0	0	0	0	0	0	0	0	0	0	0	0	0	0	0	0	0	0	0	0	0	0	0	0	0	0	0	0	0	0	0	0	0	0	0	0	0	0	0	0	0	0	0	0
Filifactor_alocis	2	50	0	0	0	0	0	0	0	0	0	0	0	0	0	0.22198	0	0	0	1.38614	0	0	0	0	0	0	0	0	0	0	0	0	0	0	0	0	0	0	0	0	0	0	0	0	0	0	0	0	0	0	0	0	0	0	0	0	0	0	0	0	0	0.22233	0	0	0	0	0	0	0	0	0	0	0	0	0	0	0	0	0	0	0	0	0	0	0	0	0	0	0
Kingella_kingae	2	50	0	0	0	0.09161	0	0	0.86344	0	0	0	0	0	0	0	0	0	0	0	0	0	0	0	0	0	0	0	0	0	0	0	0	0	0	0	0	0	0	0	0	0	0	0	0	0	0	0	0	0	0	0.27167	0	0	0	0	0.1042	0	0	0	0	0	0	0	0	0	0	0	0	0	0	0	0.26082	0	0	0	0	0	0	0	0	0	0	0	0	0	0	0	0
Corynebacterium_variabile	2	50	0	0	0	0	0	0	0	0	0	0.39018	0.07422	0	0	0	0	0	0	1.04767	0	0	0	0	0	0	0	0	0	0	0	0	0	0	0	0	0	0	0	0	0	0	0	0	0	0	0	0	0	0	0	0	0	0	0	0	0	0	0	0	0	0	0	0	0	0	0	0	0	0	0	0	0	0	0	0	0	0	0	0	0	0	0	0	0	0	0	0	0
Corynebacterium_callunae	2	50	0	0	0	0	0	0	0	0	0	0	0	0	0	0	0	0	0	0	0	0	0	0	0	0	0	0	0	0	0	0	0	0	1.42288	0	0	0	0	0	0	0	0	0	0	0	0	0	0	0	0	0	0	0	0	0	0	0	0	0	0	0	0	0	0	0	0	0	0	0	0	0	0	0	0	0	0	0	0	0	0	0	0	0	0	0	0	0	0
Staphylococcus_argenteus	2	50	0	0	0	0	0	0	0	0	0	0	0	0	0	0	0	0	0	0	0	0	0	0	0	0	0	0	0	0	0	0	0	0	0	0	0	0	0	0	0	0	0	0	0	0	0	0	0.22081	0.2319	0	0	0	0.05847	0	0	0	0	0	0.36182	0	0	0	0	0	0	0	0	0	0	0	0	0	0	0	0	0	0	0.05561	0	0	0.36226	0	0	0.08321	0	0	0	0
Corynebacterium_argentoratense	2	50	0	0	0	0	0	0	0	0	0	0	0	0	0	0	0	0	0	0	0	0	0	0	0	0	0	0	0	0	0	0	0	0	1.34837	0	0	0	0	0	0	0	0	0	0	0	0	0	0	0	0	0	0	0	0	0	0	0	0	0	0	0	0	0	0	0	0	0	0	0	0	0	0	0	0	0	0	0	0	0	0	0	0	0	0	0	0	0	0
Parabacteroides_distasonis	2	50	0	0	0	0	0	0	0	0	0	0	0	0	0	0	0	0	0	0.13615	0	0	0	0	0	0	0	0	0	0	0	0	0	0	0	0	0	0	0	0	0	0	0	0	0	0	0	0	0	0	0	0	0	0	0	0	0	0.15748	0	0	0	0	0	0	1.01409	0	0	0	0	0	0	0	0	0	0	0	0	0	0	0	0	0	0	0	0	0	0	0	0
Citrobacter_koseri	2	50	0	0	0	0	0	0	0	0	0	0	0	0	0	0	0	0	0	0	0	0	0	0	0	0	0	0	0	0	0	0	0	0.02879	0	0.05398	0	0	0	0	0	1.0483	0.17487	0	0	0	0	0	0	0	0	0	0	0	0	0	0	0	0	0	0	0	0	0	0	0	0	0	0	0	0	0	0	0	0	0	0	0	0	0	0	0	0	0	0	0	0	0	0
Faecalibacterium_prausnitzii	2	50	0	0	0	0	0	0	0	0	0	0	0	0	0	0	0	0	0	0.89706	0	0	0	0	0	0	0	0	0	0	0	0	0	0	0	0	0	0	0	0	0	0	0	0	0	0	0	0	0	0	0	0	0	0	0	0	0.11174	0.22966	0	0	0	0	0	0	0	0	0	0	0	0	0	0	0	0	0	0	0	0	0	0	0	0	0	0	0	0	0	0	0
Streptococcus_suis	2	50	0	0	0	0	0	0	0	0.32686	0	0	0	0	0	0	0	0	0	0.24226	0	0	0	0.47774	0	0	0	0	0	0	0	0	0	0	0	0.15533	0	0	0	0	0	0	0	0	0	0	0	0	0	0	0	0	0	0	0	0	0	0	0	0	0	0	0	0	0	0	0	0	0	0	0	0	0	0	0	0	0	0	0	0	0	0	0	0	0	0	0	0	0
Citrobacter_braakii	2	50	0	0	0	0	0	0	0	0	0	0	0	0	0	0	0	0	0	0	0	0	0	0	0	0	0	0	0	0	0	0	0	0	0	0	0	0	0	0	0	0	0	0	0	0	0	0	0	0	0	0	0	0	0	1.19195	0	0	0	0	0	0	0	0	0	0	0	0	0	0	0	0	0	0	0	0	0	0	0	0	0	0	0	0	0	0	0	0	0
Neisseria_bacilliformis	2	50	0	0	0	0	0	0	0	0	0	0	0	0	0	0	0	0	0	0	0	0	0	0	0	0	0	0	0	0	0	0	0	0	0	0	0	0	0	0	0	0	0	0.8034	0	0	0	0	0	0	0	0	0	0	0	0	0	0	0	0	0.15788	0	0	0	0	0	0	0	0	0	0	0	0	0	0	0	0	0	0	0	0	0	0	0	0	0	0	0	0
Riemerella_anatipestifer	2	50	0	0	0	0	0	0	0	0	0	0	0	0	0	0	0	0	0	0	0	0	0	0	0	0	0	0	0	0	0.94921	0	0	0	0	0	0	0	0	0	0	0	0	0	0	0	0	0	0	0	0	0	0	0	0	0	0	0	0	0	0	0	0	0	0	0	0	0	0	0	0	0	0	0	0	0	0	0	0	0	0	0	0	0	0	0	0	0	0
Citrobacter_freundii	2	50	0	0	0	0	0	0	0	0	0	0	0	0	0	0	0	0	0	0	0	0.50459	0	0	0	0	0	0	0	0	0	0	0	0	0	0	0	0	0	0	0	0.35174	0	0	0	0	0	0	0	0	0	0	0	0	0	0.08833	0	0	0	0	0	0	0	0	0	0	0	0	0	0	0	0	0	0	0	0	0	0	0	0	0	0	0	0	0	0	0	0	0
Bacteroides_salanitronis	2	50	0	0	0	0	0	0	0.18535	0	0	0	0	0	0	0	0	0	0	0.11102	0	0	0	0	0	0	0	0	0	0	0	0	0	0	0.33248	0	0	0	0	0	0	0	0	0	0	0	0	0	0	0	0	0	0	0	0	0	0	0	0	0	0	0	0	0	0	0	0	0	0	0	0	0	0	0	0	0	0	0	0	0	0	0	0.25948	0	0	0	0	0	0
Lactobacillus_sakei	2	50	0	0	0	0	0	0	0	0	0	0.68983	0	0	0	0	0	0	0	0	0	0	0	0	0	0	0	0	0	0	0	0	0	0	0	0.13832	0	0	0	0	0	0	0	0	0	0	0	0	0	0	0	0	0	0	0	0	0	0	0	0	0	0	0	0	0	0	0	0	0	0	0	0	0	0	0	0	0	0	0	0	0	0	0	0	0	0	0	0	0
Bacteroides_ovatus	2	50	0	0	0	0	0	0	0	0	0	0	0	0	0	0	0	0	0	0.19938	0	0	0	0	0	0	0	0	0	0	0	0	0	0	0	0	0	0	0	0	0	0	0	0	0	0	0	0	0	0	0	0	0	0	0	0	0.55923	0.04936	0	0	0	0	0	0	0	0	0	0	0	0	0	0	0	0	0	0	0	0	0	0	0	0	0	0	0	0	0	0	0
Bacteroides_helcogenes	2	50	0	0	0	0	0	0	0	0	0	0	0	0	0	0	0	0	0	0	0	0	0	0	0	0	0	0	0	0	0	0	0	0	0	0	0	0	0	0	0	0	0	0	0	0	0	0	0	0	0	0	0	0	0	0	0	0	0	0	0	0	0	0	0	0	0	0	0	0	0	0	0	0.77455	0	0	0	0	0	0	0	0	0	0	0	0	0	0	0
Staphylococcus_xylosus	2	50	0	0	0	0	0	0	0	0	0	0	0	0	0	0	0	0	0	0.11329	0	0	0	0	0	0	0	0	0	0	0	0	0	0	0	0	0	0	0	0	0	0	0	0	0	0	0	0	0	0	0	0	0	0	0	0	0.61412	0	0	0	0	0	0	0	0	0	0	0	0	0	0	0	0	0	0	0	0	0	0	0	0	0	0	0	0	0	0	0	0
Collinsella_aerofaciens	2	50	0	0	0	0	0	0	0	0	0	0	0	0	0	0	0	0	0	0.1702	0	0	0	0	0	0	0	0	0	0	0	0	0	0	0	0	0	0	0	0	0	0	0	0	0	0	0	0	0	0	0	0	0	0	0	0	0.45142	0.09523	0	0	0	0	0	0	0	0	0	0	0	0	0	0	0	0	0	0	0	0	0	0	0	0	0	0	0	0	0	0	0
Leuconostoc_mesenteroides	2	50	0	0	0	0	0	0	0	0	0	0	0	0	0	0	0	0	0	0.64994	0	0	0	0	0	0	0	0	0	0	0	0	0	0	0	0	0	0	0	0	0	0	0	0	0	0	0	0	0	0	0	0	0	0	0	0	0	0	0	0	0	0	0	0	0	0	0	0	0	0	0	0	0	0	0	0	0	0	0	0	0	0	0	0	0	0	0	0	0
Eggerthella_lenta	2	50	0	0	0	0	0	0	0	0	0	0.43695	0	0	0	0	0	0	0	0	0	0	0	0	0	0	0	0	0	0	0	0	0	0	0	0.16277	0	0	0	0	0	0	0	0	0	0	0	0	0	0	0	0	0	0	0	0	0	0	0	0	0	0	0	0	0	0	0	0	0	0	0	0	0	0	0	0	0	0	0	0	0	0	0	0	0	0	0	0	0.03328
Aerococcus_viridans	2	50	0	0	0	0	0	0	0	0.60729	0	0	0	0	0	0	0	0	0	0	0	0	0	0	0	0	0	0	0	0	0	0	0	0	0	0	0	0	0	0	0	0	0	0	0	0	0	0	0	0	0	0	0	0	0	0	0	0	0	0	0	0	0	0	0	0	0	0	0	0	0	0	0	0	0	0	0	0	0	0	0	0	0	0	0	0	0	0	0
Paracoccus_yeei	2	50	0	0	0	0	0	0	0	0	0	0.26104	0	0	0	0	0	0	0	0.18085	0	0	0	0	0	0	0	0	0	0	0	0	0	0	0	0	0	0	0	0	0	0	0	0	0	0	0	0	0	0	0	0	0	0	0	0	0.05579	0	0	0	0	0	0	0	0	0	0	0	0	0	0	0	0	0.07293	0	0	0	0	0	0	0	0	0	0	0	0	0	0	0
Flavonifractor_plautii	2	50	0	0	0	0	0	0	0	0	0	0	0	0	0	0	0	0	0	0.05333	0	0	0	0.22169	0	0	0	0	0	0	0	0	0	0	0	0.03581	0	0	0	0	0	0	0	0	0	0	0	0	0	0	0	0	0	0	0	0	0.04234	0	0	0	0	0	0	0	0	0	0	0	0	0	0	0	0	0	0	0	0	0	0	0	0	0	0	0	0	0	0.12474	0	0.04607
Barnesiella_viscericola	2	50	0	0	0	0	0	0	0.2891	0	0	0	0	0	0	0	0	0	0	0	0	0	0	0	0	0	0	0	0	0	0	0	0	0	0	0.08025	0	0	0	0	0	0	0	0	0	0	0	0	0	0	0	0	0	0	0	0	0	0.05743	0	0	0	0.08563	0	0	0	0	0	0	0	0	0	0	0	0	0	0	0	0	0	0	0	0	0	0	0	0	0	0	0
Serratia_rubidaea	2	50	0	0	0	0	0	0	0	0	0	0	0	0	0	0	0	0	0	0	0	0	0	0	0	0	0	0	0	0	0	0	0	0	0	0	0	0.4694	0	0	0	0	0	0	0	0	0	0	0	0	0	0	0	0	0	0	0	0	0	0	0	0	0	0	0	0	0	0	0	0	0	0	0	0	0	0	0	0	0	0	0	0	0	0	0	0	0	0	0
Aggregatibacter_actinomycetemcomitans	2	50	0	0	0	0	0	0	0	0	0	0	0	0	0	0	0	0	0	0	0	0	0	0	0	0	0	0.25643	0	0	0	0	0	0	0	0	0	0	0	0	0	0	0	0	0	0	0	0	0	0	0	0	0	0	0	0	0	0	0	0	0	0.17296	0	0	0	0	0	0	0	0	0	0	0	0	0	0	0	0	0	0	0	0	0	0	0	0	0	0	0
Corynebacterium_ureicelerivorans	2	50	0	0	0	0	0	0	0	0	0	0.4147	0	0	0	0	0	0	0	0	0	0	0	0	0	0	0	0	0	0	0	0	0	0	0	0	0	0	0	0	0	0	0	0	0	0	0	0	0	0	0	0	0	0	0	0	0	0	0	0	0	0	0	0	0	0	0	0	0	0	0	0	0	0	0	0	0	0	0	0	0	0	0	0	0	0	0	0	0
Bifidobacterium_adolescentis	2	50	0	0	0	0	0	0	0	0	0	0	0	0	0	0	0	0	0	0.17141	0	0	0	0	0	0	0	0	0	0	0	0	0	0	0	0	0	0	0	0	0	0	0	0	0	0	0	0	0	0	0	0	0	0	0	0	0	0	0	0	0	0	0	0	0	0	0	0	0	0	0	0	0	0	0	0	0	0	0	0	0	0	0.23825	0	0	0	0	0	0
Lactobacillus_rhamnosus	2	50	0	0	0	0	0	0	0	0	0	0.37458	0	0	0	0	0	0	0	0	0	0	0	0	0	0	0	0	0	0	0	0	0	0	0	0	0	0	0	0	0	0	0	0	0	0	0	0	0	0	0	0	0	0	0	0	0	0	0	0	0	0	0	0	0	0	0	0	0	0	0	0	0	0	0	0	0	0	0	0	0	0	0	0	0	0	0	0	0.03412
Chryseobacterium_indologenes	2	50	0	0	0	0	0	0	0	0	0	0	0	0	0	0	0	0	0	0	0	0	0	0	0	0	0	0	0	0	0	0	0	0	0.3943	0	0	0	0	0	0	0	0	0	0	0	0	0	0	0	0	0	0	0	0	0	0	0	0	0	0	0	0	0	0	0	0	0	0	0	0	0	0	0	0	0	0	0	0	0	0	0	0	0	0	0	0	0	0
Actinomyces_oris	2	50	0	0	0	0	0	0	0	0.22118	0	0	0	0	0	0	0	0	0	0	0	0	0	0	0	0	0	0	0	0	0	0	0	0	0	0.1083	0	0	0	0	0	0	0	0	0	0	0	0	0	0	0	0	0	0	0	0	0	0	0	0	0	0.06265	0	0	0	0	0	0	0	0	0	0	0	0	0	0	0	0	0	0	0	0	0	0	0	0	0	0	0
Sebaldella_termitidis	2	50	0	0	0	0	0	0	0	0	0	0	0	0	0	0.06186	0	0	0	0	0	0	0	0	0	0	0	0.13708	0	0	0	0	0	0	0.13378	0.04564	0	0	0	0	0	0	0	0	0	0	0	0	0	0	0	0	0	0	0	0	0	0	0	0	0	0	0	0	0	0	0	0	0	0	0	0	0	0	0	0	0	0	0	0	0	0	0	0	0	0	0	0	0
Lactobacillus_curvatus	2	50	0	0	0	0	0	0	0	0	0	0	0	0	0	0	0	0	0	0.36494	0	0	0	0	0	0	0	0	0	0	0	0	0	0	0	0	0	0	0	0	0	0	0	0	0	0	0	0	0	0	0	0	0	0	0	0	0	0	0	0	0	0	0	0	0	0	0	0	0	0	0	0	0	0	0	0	0	0	0	0	0	0	0	0	0	0	0	0	0
Raoultella_planticola	2	50	0	0	0	0	0	0	0	0	0	0	0	0	0	0	0	0	0	0	0	0	0	0	0	0	0	0	0	0	0	0	0	0	0	0	0	0	0	0	0	0	0	0	0	0	0	0	0	0.11778	0	0	0	0.24271	0	0	0	0	0	0	0	0	0	0	0	0	0	0	0	0	0	0	0	0	0	0	0	0	0	0	0	0	0	0	0	0	0	0	0
Enterobacter_hormaechei	2	50	0	0	0	0	0	0	0	0	0	0	0	0	0	0	0	0	0	0	0	0	0	0	0	0	0	0	0	0	0	0	0	0	0	0	0	0	0	0	0	0	0	0	0	0	0	0	0	0	0	0	0	0	0	0	0.08706	0	0	0	0	0	0	0.26855	0	0	0	0	0	0	0	0	0	0	0	0	0	0	0	0	0	0	0	0	0	0	0	0	0
Prevotella_dentalis	2	50	0	0	0	0	0	0	0	0	0	0	0	0	0	0	0	0	0	0	0	0	0	0	0	0	0	0	0	0	0	0	0	0	0	0	0	0	0	0	0	0	0	0	0	0	0	0	0	0	0	0	0	0	0	0	0	0	0	0	0	0	0	0	0	0	0	0	0	0	0	0	0	0	0	0	0	0	0	0	0	0	0.34883	0	0	0	0	0	0
Mannheimia_haemolytica	2	50	0	0	0	0	0	0	0	0	0	0	0	0	0	0.34746	0	0	0	0	0	0	0	0	0	0	0	0	0	0	0	0	0	0	0	0	0	0	0	0	0	0	0	0	0	0	0	0	0	0	0	0	0	0	0	0	0	0	0	0	0	0	0	0	0	0	0	0	0	0	0	0	0	0	0	0	0	0	0	0	0	0	0	0	0	0	0	0	0
Capnocytophaga_ochracea	2	50	0	0	0	0	0	0	0	0	0	0	0	0	0	0	0	0	0	0	0	0	0	0	0	0	0	0	0	0	0	0	0	0	0	0	0	0	0	0	0	0	0	0	0	0	0	0	0	0	0	0.07116	0	0	0	0	0	0.05807	0	0	0	0.08008	0	0	0	0.13339	0	0	0	0	0	0	0	0	0	0	0	0	0	0	0	0	0	0	0	0	0	0	0
Xanthomonas_campestris	2	50	0	0	0	0	0	0	0.05333	0	0	0	0	0	0	0	0	0	0	0.06235	0	0	0	0	0	0	0	0	0	0	0	0	0	0	0	0	0	0	0.13942	0	0	0	0	0	0	0	0	0	0	0	0	0	0	0	0	0	0	0	0	0	0	0	0	0	0	0	0	0	0	0	0	0	0	0	0	0	0	0	0	0.07559	0	0	0	0	0	0	0	0	0
Streptococcus_marmotae	2	50	0	0	0	0	0	0	0	0.20806	0	0	0	0	0	0	0	0	0	0	0	0	0	0	0	0	0	0	0	0	0	0	0	0	0	0.1048	0	0	0	0	0	0	0	0	0	0	0	0	0	0	0	0	0	0	0	0	0	0	0	0	0	0	0	0	0	0	0	0	0	0	0	0	0	0	0	0	0	0	0	0	0	0	0	0	0	0	0	0	0
Serratia_plymuthica	2	50	0	0	0	0	0	0	0	0	0	0	0	0	0	0	0	0	0	0	0	0	0	0	0	0	0	0	0	0	0	0	0	0	0	0	0	0.31006	0	0	0	0	0	0	0	0	0	0	0	0	0	0	0	0	0	0	0	0	0	0	0	0	0	0	0	0	0	0	0	0	0	0	0	0	0	0	0	0	0	0	0	0	0	0	0	0	0	0	0
Serratia_proteamaculans	2	50	0	0	0	0	0	0	0	0	0	0	0	0	0	0	0	0	0	0	0	0	0	0	0	0	0	0	0	0	0	0	0	0	0	0	0	0.30579	0	0	0	0	0	0	0	0	0	0	0	0	0	0	0	0	0	0	0	0	0	0	0	0	0	0	0	0	0	0	0	0	0	0	0	0	0	0	0	0	0	0	0	0	0	0	0	0	0	0	0
Actinomyces_naeslundii	2	50	0	0	0	0	0	0	0	0.16802	0	0	0	0	0	0	0	0	0	0	0	0	0	0	0	0	0	0	0	0	0	0	0	0	0	0.09092	0	0	0	0	0	0	0	0	0	0	0	0	0	0	0	0	0	0	0	0	0	0	0	0	0	0.04588	0	0	0	0	0	0	0	0	0	0	0	0	0	0	0	0	0	0	0	0	0	0	0	0	0	0	0
Lactococcus_raffinolactis	2	50	0	0	0	0	0	0	0	0	0	0	0	0	0	0	0	0	0	0.29431	0	0	0	0	0	0	0	0	0	0	0	0	0	0	0	0	0	0	0	0	0	0	0	0	0	0	0	0	0	0	0	0	0	0	0	0	0	0	0	0	0	0	0	0	0	0	0	0	0	0	0	0	0	0	0	0	0	0	0	0	0	0	0	0	0	0	0	0	0
Stenotrophomonas_maltophilia	2	50	0	0	0	0	0	0	0	0	0	0	0	0	0	0	0	0	0	0.05417	0	0	0	0	0	0	0	0	0	0	0	0	0	0	0	0	0	0	0	0	0	0	0	0	0	0	0	0	0	0	0	0	0	0	0	0	0.09477	0	0	0	0	0	0	0	0	0	0	0	0	0	0	0	0	0.14439	0	0	0	0	0	0	0	0	0	0	0	0	0	0	0
Citrobacter_rodentium	2	50	0	0	0	0	0	0	0	0	0	0	0	0	0	0	0	0	0	0	0	0	0	0	0	0	0	0	0	0	0	0	0	0	0	0	0	0	0	0	0	0.06499	0	0	0	0	0	0	0	0	0	0	0	0	0	0	0	0	0	0	0	0	0	0	0	0	0	0	0	0	0	0	0	0	0	0	0	0	0	0	0	0	0	0.22571	0	0	0	0	0
Mannheimia_varigena	2	50	0	0	0	0	0	0	0	0	0	0	0	0	0	0.28498	0	0	0	0	0	0	0	0	0	0	0	0	0	0	0	0	0	0	0	0	0	0	0	0	0	0	0	0	0	0	0	0	0	0	0	0	0	0	0	0	0	0	0	0	0	0	0	0	0	0	0	0	0	0	0	0	0	0	0	0	0	0	0	0	0	0	0	0	0	0	0	0	0
Bacteroides_vulgatus	2	50	0	0	0	0	0	0	0	0	0	0	0	0	0	0	0	0	0	0.27988	0	0	0	0	0	0	0	0	0	0	0	0	0	0	0	0	0	0	0	0	0	0	0	0	0	0	0	0	0	0	0	0	0	0	0	0	0	0	0	0	0	0	0	0	0	0	0	0	0	0	0	0	0	0	0	0	0	0	0	0	0	0	0	0	0	0	0	0	0
Serratia_liquefaciens	2	50	0	0	0	0	0	0	0	0	0	0	0	0	0	0	0	0	0	0	0	0	0	0	0	0	0	0	0	0	0	0	0	0	0	0	0	0.27788	0	0	0	0	0	0	0	0	0	0	0	0	0	0	0	0	0	0	0	0	0	0	0	0	0	0	0	0	0	0	0	0	0	0	0	0	0	0	0	0	0	0	0	0	0	0	0	0	0	0	0
Candida_albicans	2	50	0	0	0	0	0	0	0	0	0	0	0	0	0	0	0	0	0	0	0	0	0.068692	0	0	0	0	0	0	0	0	0	0	0	0	0	0	0	0	0	0	0	0	0	0	0	0	0	0	0	0	0	0	0	0	0	0	0	0	0	0	0	0	0	0	0	0	0	0	0	0	0	0	0	0	0	0	0	0	0.207666	0	0	0	0	0	0	0	0	0
Sphingobium_yanoikuyae	2	50	0	0	0	0	0	0	0	0	0	0	0	0	0	0	0	0	0	0.04291	0	0	0	0	0	0	0	0	0	0	0	0	0	0	0	0	0	0	0	0	0	0	0	0.09912	0	0	0	0	0	0	0.12829	0	0	0	0	0	0	0	0	0	0	0	0	0	0	0	0	0	0	0	0	0	0	0	0	0	0	0	0	0	0	0	0	0	0	0	0	0	0
Bibersteinia_trehalosi	2	50	0	0	0	0	0	0	0	0	0	0	0	0	0	0.26488	0	0	0	0	0	0	0	0	0	0	0	0	0	0	0	0	0	0	0	0	0	0	0	0	0	0	0	0	0	0	0	0	0	0	0	0	0	0	0	0	0	0	0	0	0	0	0	0	0	0	0	0	0	0	0	0	0	0	0	0	0	0	0	0	0	0	0	0	0	0	0	0	0
Bifidobacterium_dentium	2	50	0	0	0	0	0	0	0	0	0	0	0	0	0	0	0	0	0	0	0	0	0	0.07522	0	0	0	0	0	0	0	0	0	0	0.14846	0	0	0	0	0	0	0	0	0	0	0	0	0	0	0	0	0	0	0	0	0	0	0	0	0	0	0	0	0	0	0	0	0	0	0	0	0	0	0	0	0	0	0	0	0	0	0	0	0	0	0	0	0	0.03848
Roseburia_hominis	2	50	0	0	0	0	0	0	0	0	0	0	0	0	0	0	0	0	0	0.13182	0	0	0	0	0	0	0	0	0	0	0	0	0	0	0	0.10188	0	0	0	0	0	0	0	0	0	0	0	0	0	0	0	0	0	0	0	0	0	0	0	0	0	0	0	0	0	0	0	0	0	0	0	0	0	0	0	0	0	0	0	0	0	0	0	0	0	0	0	0	0.02464
Parvimonas_micra	2	50	0	0	0	0	0	0	0	0	0	0	0.17101	0	0	0	0	0	0	0	0	0	0	0	0	0	0	0	0	0	0	0	0	0	0	0	0	0	0	0	0	0	0	0	0	0	0	0	0	0	0	0	0	0	0	0	0	0.0859	0	0	0	0	0	0	0	0	0	0	0	0	0	0	0	0	0	0	0	0	0	0	0	0	0	0	0	0	0	0	0
Bacteroides_cellulosilyticus	2	50	0	0	0	0	0	0	0.09037	0	0	0	0	0	0	0	0	0	0	0	0	0	0	0	0	0	0	0	0	0	0	0.01912	0	0	0.10704	0	0	0	0	0	0	0	0	0.01283	0	0	0	0	0	0	0	0	0	0	0	0	0	0	0	0	0	0	0	0	0	0	0	0	0	0	0	0	0.02364	0	0	0	0	0	0	0	0	0	0	0	0	0	0	0	0
Leclercia_adecarboxylata	2	50	0	0	0	0	0	0	0	0	0	0	0	0	0	0	0	0	0	0.25178	0	0	0	0	0	0	0	0	0	0	0	0	0	0	0	0	0	0	0	0	0	0	0	0	0	0	0	0	0	0	0	0	0	0	0	0	0	0	0	0	0	0	0	0	0	0	0	0	0	0	0	0	0	0	0	0	0	0	0	0	0	0	0	0	0	0	0	0	0
Megasphaera_elsdenii	2	50	0	0	0	0	0	0	0	0	0	0	0	0	0	0	0	0	0	0	0	0	0	0	0	0	0	0	0	0	0	0	0	0	0	0.24787	0	0	0	0	0	0	0	0	0	0	0	0	0	0	0	0	0	0	0	0	0	0	0	0	0	0	0	0	0	0	0	0	0	0	0	0	0	0	0	0	0	0	0	0	0	0	0	0	0	0	0	0	0
Akkermansia_muciniphila	2	50	0	0	0	0	0	0	0	0	0	0	0	0	0	0	0	0	0	0	0	0	0	0	0	0	0	0	0	0	0	0	0	0	0	0	0	0	0	0	0	0	0	0	0	0	0	0	0	0	0	0	0	0	0	0	0	0.21621	0	0	0	0	0	0	0	0	0	0	0	0	0	0	0	0	0	0	0	0	0	0	0	0	0	0	0	0	0.02745	0	0
Actinomyces_gaoshouyii	2	50	0	0	0	0	0	0	0	0	0	0	0	0	0	0	0	0	0	0	0	0	0	0	0	0	0	0	0	0	0	0	0	0	0	0	0	0	0	0	0	0	0	0	0	0	0	0	0	0	0	0	0	0	0	0	0	0	0	0	0	0	0	0	0	0	0	0	0	0	0	0	0	0	0	0	0	0	0	0.24341	0	0	0	0	0	0	0	0	0
Kocuria_rhizophila	2	50	0	0	0	0	0	0	0	0	0	0	0	0	0	0	0	0	0	0.1055	0	0	0	0	0	0	0	0	0	0	0	0	0	0	0	0	0	0	0	0	0	0	0	0	0	0	0	0	0	0	0	0	0	0	0	0	0	0	0	0	0	0	0	0	0	0	0	0	0	0	0	0	0	0.13691	0	0	0	0	0	0	0	0	0	0	0	0	0	0	0
Enterobacteriaceae_bacterium	2	50	0	0	0	0	0	0	0	0	0	0	0	0	0	0	0	0	0	0	0	0	0	0	0	0	0	0	0	0	0	0	0	0	0	0	0	0	0	0	0	0.04356	0	0	0	0	0	0	0	0	0	0	0	0	0	0	0	0	0	0	0	0	0	0	0	0	0	0	0	0	0	0	0	0	0	0	0	0	0	0	0	0	0	0.14757	0.05066	0	0	0	0
Actinobacillus_pleuropneumoniae	2	50	0	0	0	0	0	0	0	0	0	0	0	0	0	0.24126	0	0	0	0	0	0	0	0	0	0	0	0	0	0	0	0	0	0	0	0	0	0	0	0	0	0	0	0	0	0	0	0	0	0	0	0	0	0	0	0	0	0	0	0	0	0	0	0	0	0	0	0	0	0	0	0	0	0	0	0	0	0	0	0	0	0	0	0	0	0	0	0	0
Anaerococcus_prevotii	2	50	0	0	0	0	0	0	0	0	0	0	0	0	0	0	0	0	0	0	0	0	0	0	0	0	0	0	0	0	0	0	0	0	0	0	0	0	0	0	0	0	0	0	0	0	0	0	0	0	0	0	0	0	0	0	0	0	0	0	0	0	0	0	0	0	0	0	0	0	0	0	0	0	0	0	0	0	0	0	0	0	0	0	0	0	0	0.22932	0
Cutibacterium_avidum	2	50	0	0	0	0	0	0	0	0	0	0	0	0	0	0	0	0	0	0.18161	0	0	0	0	0	0	0	0	0	0	0	0	0	0	0	0	0	0	0	0	0	0	0	0	0	0	0	0	0	0	0	0	0	0	0	0	0	0.03912	0	0	0	0	0	0	0	0	0	0	0	0	0	0	0	0	0	0	0	0	0	0	0	0	0	0	0	0	0	0	0
Chryseobacterium_gallinarum	2	50	0	0	0	0	0	0	0	0	0	0	0	0	0	0	0	0	0	0	0	0	0	0	0	0	0	0	0	0	0	0	0	0	0.21909	0	0	0	0	0	0	0	0	0	0	0	0	0	0	0	0	0	0	0	0	0	0	0	0	0	0	0	0	0	0	0	0	0	0	0	0	0	0	0	0	0	0	0	0	0	0	0	0	0	0	0	0	0	0
Treponema_denticola	2	50	0	0	0	0	0	0	0	0	0	0	0	0	0	0	0	0	0	0	0	0	0	0	0	0	0	0	0	0	0	0	0	0	0	0	0	0	0	0	0	0	0	0.21433	0	0	0	0	0	0	0	0	0	0	0	0	0	0	0	0	0	0	0	0	0	0	0	0	0	0	0	0	0	0	0	0	0	0	0	0	0	0	0	0	0	0	0	0	0
Lactobacillus_acidophilus	2	50	0	0	0	0	0	0	0	0	0	0	0	0	0	0	0	0.13517	0	0	0	0	0	0	0	0	0	0	0	0	0	0	0	0	0	0.06514	0	0	0	0	0	0	0	0	0	0	0	0	0	0	0	0	0	0	0	0	0	0	0	0	0	0	0	0	0	0	0	0	0	0	0	0	0	0	0	0	0	0	0	0	0	0	0	0	0	0	0	0	0
Staphylococcus_equorum	2	50	0	0	0	0	0	0	0	0	0	0	0	0	0	0	0	0	0	0.1843	0	0	0	0	0	0	0	0	0	0	0	0	0	0	0	0	0	0	0	0	0	0	0	0	0	0	0	0	0	0	0	0	0	0	0	0	0	0	0	0	0	0	0	0	0	0	0	0	0	0	0	0	0	0	0	0	0	0	0	0	0	0	0	0	0	0	0	0	0
Citrobacter_werkmanii	2	50	0	0	0	0	0	0	0	0	0	0	0	0	0	0	0	0	0	0	0	0	0	0	0	0	0	0	0	0	0	0	0	0	0	0	0	0	0	0	0	0	0	0	0	0	0	0	0	0	0	0	0	0	0	0.1726	0	0	0	0	0	0	0	0	0	0	0	0	0	0	0	0	0	0	0	0	0	0	0	0	0	0	0	0	0	0	0	0	0
Brevundimonas_vesicularis	2	50	0	0	0	0	0	0	0	0	0	0.17159	0	0	0	0	0	0	0	0	0	0	0	0	0	0	0	0	0	0	0	0	0	0	0	0	0	0	0	0	0	0	0	0	0	0	0	0	0	0	0	0	0	0	0	0	0	0	0	0	0	0	0	0	0	0	0	0	0	0	0	0	0	0	0	0	0	0	0	0	0	0	0	0	0	0	0	0	0
Kluyvera_georgiana	2	50	0	0	0	0	0	0	0	0	0	0	0	0	0	0	0	0	0	0	0	0	0	0	0	0	0	0	0	0	0	0	0	0	0	0	0	0	0	0	0	0	0	0	0	0	0	0	0	0	0	0	0	0	0	0	0	0	0	0	0	0	0	0.17151	0	0	0	0	0	0	0	0	0	0	0	0	0	0	0	0	0	0	0	0	0	0	0	0	0
Kocuria_palustris	2	50	0	0	0	0	0	0	0	0	0	0	0	0	0	0	0	0	0	0.11259	0	0	0	0	0	0	0	0	0	0	0	0	0	0	0	0	0	0	0	0	0	0	0	0	0	0	0	0	0	0	0	0	0	0	0	0	0	0	0	0	0	0	0	0	0	0.05561	0	0	0	0	0	0	0	0	0	0	0	0	0	0	0	0	0	0	0	0	0	0	0
Actinomyces_radicidentis	2	50	0	0	0	0	0	0	0	0	0	0	0	0	0	0	0	0	0	0	0	0	0	0	0	0	0	0	0	0	0	0	0	0	0	0	0	0	0	0	0	0	0	0	0	0	0	0	0	0	0	0	0	0	0	0	0	0	0	0	0	0	0	0	0	0	0	0	0	0	0	0	0	0	0	0	0	0	0	0.16595	0	0	0	0	0	0	0	0	0
Eubacterium_maltosivorans	2	50	0	0	0	0	0	0	0	0	0	0	0	0	0	0	0	0	0	0	0	0	0	0	0	0	0	0	0	0	0	0	0	0	0	0.03062	0	0	0	0	0	0	0	0	0	0	0	0	0	0	0	0	0	0	0	0	0	0.07388	0	0	0	0	0	0	0	0	0	0	0	0	0	0	0.0523	0	0	0	0	0	0	0	0	0	0	0	0	0	0	0	0
Tessaracoccus_flavescens	2	50	0	0	0	0	0	0	0	0	0	0	0	0	0	0	0	0	0	0	0	0	0	0	0	0	0	0	0	0	0	0	0	0	0	0	0	0	0	0	0	0	0	0	0	0	0	0	0	0	0	0	0	0	0	0	0	0	0	0	0	0	0	0	0	0	0	0	0	0	0	0	0	0.14736	0	0	0	0	0	0	0	0	0	0	0	0	0	0	0
Bacteroides_fragilis	2	50	0	0	0	0	0	0	0	0	0	0	0	0	0	0	0	0	0	0	0	0	0	0	0	0	0	0	0	0	0	0	0	0	0.12361	0.02069	0	0	0	0	0	0	0	0	0	0	0	0	0	0	0	0	0	0	0	0	0	0	0	0	0	0	0	0	0	0	0	0	0	0	0	0	0	0	0	0	0	0	0	0	0	0	0	0	0	0	0	0	0
Blautia_hansenii	2	50	0	0	0	0	0	0	0	0	0	0	0	0	0	0	0	0	0	0	0	0	0	0	0	0	0	0	0	0	0	0	0	0	0	0.06578	0	0	0	0	0	0	0	0	0	0	0	0	0	0	0	0	0	0	0	0	0.07455	0	0	0	0	0	0	0	0	0	0	0	0	0	0	0	0	0	0	0	0	0	0	0	0	0	0	0	0	0	0	0	0
Enterobacter_xiangfangensis	2	50	0	0	0	0	0	0	0	0	0	0	0	0	0	0	0	0	0	0	0	0	0	0	0	0	0	0	0	0	0	0	0	0	0	0	0	0	0	0	0	0	0	0	0	0	0	0	0	0	0	0	0	0	0	0.0447	0.0879	0	0	0	0	0	0	0	0	0	0	0	0	0	0	0	0	0	0	0	0	0	0	0	0	0	0	0	0	0	0	0	0
Acinetobacter_baumannii	2	50	0	0	0	0	0	0	0	0	0	0	0	0	0	0	0	0	0	0.12894	0	0	0	0	0	0	0	0	0	0	0	0	0	0	0	0	0	0	0	0	0	0	0	0	0	0	0	0	0	0	0	0	0	0	0	0	0	0	0	0	0	0	0	0	0	0	0	0	0	0	0	0	0	0	0	0	0	0	0	0	0	0	0	0	0	0	0	0	0
Bacteroides_dorei	2	50	0	0	0	0	0	0	0	0	0	0	0	0	0	0	0	0	0	0.09507	0	0	0	0	0	0	0	0	0	0	0	0	0	0	0	0	0	0	0	0	0	0	0	0.01358	0	0	0	0	0	0	0	0	0	0	0	0	0	0	0	0	0	0	0	0	0	0	0	0	0	0	0	0	0	0	0	0	0	0	0	0	0	0	0	0	0	0	0	0	0
Finegoldia_magna	2	50	0	0	0	0	0	0	0	0	0	0	0	0	0	0	0	0	0	0	0	0	0	0	0	0	0	0	0	0	0	0	0	0	0	0	0	0	0	0	0	0	0	0	0	0	0	0	0	0	0	0	0	0	0	0	0	0	0	0	0	0	0	0	0	0	0	0	0	0	0	0	0	0	0	0	0	0	0	0	0	0	0	0	0	0	0	0.1086	0
Enterobacter_ludwigii	2	50	0	0	0	0	0	0	0	0	0	0	0	0	0	0	0	0	0	0	0	0	0	0	0	0	0	0	0	0	0	0	0	0	0.1042	0	0	0	0	0	0	0	0	0	0	0	0	0	0	0	0	0	0	0	0	0	0	0	0	0	0	0	0	0	0	0	0	0	0	0	0	0	0	0	0	0	0	0	0	0	0	0	0	0	0	0	0	0	0
Aeromonas_caviae	2	50	0	0	0	0	0	0	0	0	0	0	0	0	0	0	0	0	0	0.08742	0	0	0	0	0	0	0	0	0	0	0	0	0	0	0	0	0	0	0	0	0	0	0	0	0	0	0	0	0	0	0	0	0	0	0	0	0	0	0	0	0	0	0	0	0	0	0	0	0	0	0	0	0	0	0	0	0	0	0	0	0	0	0	0	0	0	0	0	0
Gibbsiella_quercinecans	2	50	0	0	0	0	0	0	0	0	0	0	0	0	0	0	0	0	0	0	0	0	0	0	0	0	0	0	0	0	0	0	0	0	0	0	0	0.08427	0	0	0	0	0	0	0	0	0	0	0	0	0	0	0	0	0	0	0	0	0	0	0	0	0	0	0	0	0	0	0	0	0	0	0	0	0	0	0	0	0	0	0	0	0	0	0	0	0	0	0
Lactococcus_piscium	2	50	0	0	0	0	0	0	0	0	0	0	0	0	0	0	0	0	0	0	0	0	0	0	0	0	0	0	0	0	0	0	0	0	0	0	0	0	0	0	0	0	0	0	0	0	0	0	0	0	0	0	0	0	0	0	0	0	0	0	0	0	0	0	0	0	0	0	0	0	0	0	0	0	0	0	0.07285	0	0	0	0	0	0	0	0	0	0	0	0
Acinetobacter_junii	2	50	0	0	0	0	0	0	0	0	0	0	0	0	0	0	0	0	0	0.06826	0	0	0	0	0	0	0	0	0	0	0	0	0	0	0	0	0	0	0	0	0	0	0	0	0	0	0	0	0	0	0	0	0	0	0	0	0	0	0	0	0	0	0	0	0	0	0	0	0	0	0	0	0	0	0	0	0	0	0	0	0	0	0	0	0	0	0	0	0
Serratia_fonticola	2	50	0	0	0	0	0	0	0	0	0	0	0	0	0	0	0	0	0	0	0	0	0	0	0	0	0	0	0	0	0	0	0	0	0	0	0	0.06651	0	0	0	0	0	0	0	0	0	0	0	0	0	0	0	0	0	0	0	0	0	0	0	0	0	0	0	0	0	0	0	0	0	0	0	0	0	0	0	0	0	0	0	0	0	0	0	0	0	0	0
Enterococcus_durans	2	50	0	0	0	0	0	0	0	0	0	0	0	0	0	0	0	0	0	0	0	0	0	0	0	0	0	0	0	0	0	0	0	0	0	0	0	0	0	0	0	0	0	0	0	0	0	0	0	0	0	0	0	0	0	0	0	0	0	0	0	0	0	0	0	0	0	0	0	0	0	0	0	0	0	0	0	0	0	0	0	0	0	0	0.06166	0	0	0	0
Enterobacter_soli	2	50	0	0	0	0	0	0	0	0	0	0	0	0	0	0	0	0	0	0	0	0	0	0	0	0	0	0	0	0	0	0	0	0	0	0	0	0	0	0	0	0	0	0	0	0	0	0	0	0	0	0	0	0	0	0.05986	0	0	0	0	0	0	0	0	0	0	0	0	0	0	0	0	0	0	0	0	0	0	0	0	0	0	0	0	0	0	0	0	0
Campylobacter_gracilis	2	50	0	0	0	0	0	0	0	0	0	0	0	0	0	0	0	0	0	0	0	0	0	0	0	0	0	0	0	0	0	0	0	0	0	0	0	0	0	0	0	0	0	0.05737	0	0	0	0	0	0	0	0	0	0	0	0	0	0	0	0	0	0	0	0	0	0	0	0	0	0	0	0	0	0	0	0	0	0	0	0	0	0	0	0	0	0	0	0	0
Acinetobacter_oleivorans	2	50	0	0	0	0	0	0	0	0	0	0	0	0	0	0	0	0	0	0.05022	0	0	0	0	0	0	0	0	0	0	0	0	0	0	0	0	0	0	0	0	0	0	0	0	0	0	0	0	0	0	0	0	0	0	0	0	0	0	0	0	0	0	0	0	0	0	0	0	0	0	0	0	0	0	0	0	0	0	0	0	0	0	0	0	0	0	0	0	0
Staphylococcus_pettenkoferi	2	50	0	0	0	0	0	0	0	0	0	0	0	0	0	0	0	0	0	0	0	0	0	0	0	0	0	0	0	0	0	0	0	0	0	0	0	0	0	0	0	0	0	0	0	0	0	0	0	0	0	0	0	0	0	0	0	0	0	0	0	0	0	0	0	0	0	0	0.04702	0	0	0	0	0	0	0	0	0	0	0	0	0	0	0	0	0	0	0	0
Dermacoccus_nishinomiyaensis	2	50	0	0	0	0	0	0	0	0	0	0	0.04541	0	0	0	0	0	0	0	0	0	0	0	0	0	0	0	0	0	0	0	0	0	0	0	0	0	0	0	0	0	0	0	0	0	0	0	0	0	0	0	0	0	0	0	0	0	0	0	0	0	0	0	0	0	0	0	0	0	0	0	0	0	0	0	0	0	0	0	0	0	0	0	0	0	0	0	0
Selenomonas_sputigena	2	50	0	0	0	0	0	0	0	0	0	0	0	0	0	0	0	0	0	0	0	0	0	0	0	0	0	0	0	0	0	0	0	0	0	0	0	0	0	0	0	0	0	0	0	0	0	0	0	0	0	0	0	0	0	0	0	0.03965	0	0	0	0	0	0	0	0	0	0	0	0	0	0	0	0	0	0	0	0	0	0	0	0	0	0	0	0	0	0	0
Oscillatoria_nigro	2	50	0	0	0	0	0	0	0	0	0	0	0	0	0	0	0	0	0	0.03641	0	0	0	0	0	0	0	0	0	0	0	0	0	0	0	0	0	0	0	0	0	0	0	0	0	0	0	0	0	0	0	0	0	0	0	0	0	0	0	0	0	0	0	0	0	0	0	0	0	0	0	0	0	0	0	0	0	0	0	0	0	0	0	0	0	0	0	0	0
Pseudomonas_putida	2	50	0	0	0	0	0	0	0	0	0	0	0	0	0	0	0	0	0	0.03373	0	0	0	0	0	0	0	0	0	0	0	0	0	0	0	0	0	0	0	0	0	0	0	0	0	0	0	0	0	0	0	0	0	0	0	0	0	0	0	0	0	0	0	0	0	0	0	0	0	0	0	0	0	0	0	0	0	0	0	0	0	0	0	0	0	0	0	0	0
Eubacterium_callanderi	2	50	0	0	0	0	0	0	0	0	0	0	0	0	0	0	0	0	0	0	0	0	0	0.03243	0	0	0	0	0	0	0	0	0	0	0	0	0	0	0	0	0	0	0	0	0	0	0	0	0	0	0	0	0	0	0	0	0	0	0	0	0	0	0	0	0	0	0	0	0	0	0	0	0	0	0	0	0	0	0	0	0	0	0	0	0	0	0	0	0
Enterobacter_chengduensis	2	50	0	0	0	0	0	0	0	0	0	0	0	0	0	0	0	0	0	0	0	0	0	0	0	0	0	0	0	0	0	0	0	0	0	0	0	0	0	0	0	0	0	0	0	0	0	0	0	0	0	0	0	0	0	0	0	0	0	0	0	0	0	0	0	0	0	0	0	0	0	0	0	0	0	0	0	0	0	0	0.01973	0	0	0	0	0	0	0	0
Bacteroides_thetaiotaomicron	2	50	0	0	0	0	0	0	0	0	0	0	0	0	0	0	0	0	0	0	0	0	0	0	0	0	0	0	0	0	0	0	0	0	0	0	0	0	0	0	0	0	0	0.00976	0	0	0	0	0	0	0	0	0	0	0	0	0	0	0	0	0	0	0	0	0	0	0	0	0	0	0	0	0	0	0	0	0	0	0	0	0	0	0	0	0	0	0	0	0
