species	gc_ref	chr_lngth	19_003c	19_003d	19_004c	19_004d	19_013c	19_013d	19_020c	19_027c	19_027d	19_028c	19_028d	19_029c	19_029d	19_030c	19_030d	19_033c	19_033d	19_037c	19_037d	19_041c	19_041d	19_046c	19_046d	19_050c	19_050d	20_004c	20_004d	20_017c	20_017d	20_021c	20_021d	20_022c	20_022d	20_023c	20_023d	20_028c	20_041c	20_052c	20_058c	20_061c	KGCF02	KGCF04	KGCF07	KGCF10	KGCF11	KGCF12	KGCF14	KGCF16	KGCF17	KGCF18	KGCF32	KGCF36	KGCF39	KGCF41	KGCF42	KGCF43	KGCF44	KGCF45	KGCF46	KGCF47	KGCF48	KGCF49	KGCF50	KGCF51	KGCF52	KGCF53	KGCF55	KGCF56	KGCF57	KGCF58
Rothia mucilaginosa	50	2	14.48816	13.42597	171.19188	153.94325	226.41598	24.73051	22.09523	168.41234	237.9994	66.7238	472.34417	4.45993	219.2672	178.37773	0.98998	97.49668	179.03338	6.48671	0.99537	423.836	16.93731	2.45063	15.23451	1603.9078	16.67424	73.22823	8.39771	99.14308	91.31052	137.68635	3.66636	5.48636	0.14449	36.76031	2.43668	44.19229	58.00949	17.36068	11.64315	2.34326	21.34447	47.04936	28.87168	68.25474	124.55326	168.38009	267.56062	398.1511	10076.52785	2472.99704	364.99137	14.91946	4.78183	3.89722	929.68494	347.12117	15.81149	1415.67074	1717.61596	0.54302	358.68671	1.57462	897.46031	3967.83497	0.3888	24.85749	49.72665	1.34239	4.02512	67.00149
Neisseria subflava	50	2	23.71161	62.5812	266.28739	158.04607	1.10532	6.00455	76.66103	73.34927	9.82891	165.03355	140.16235	4.02475	76.54184	546.03893	2.23158	47.95946	105.73537	38.85198	0.19211	74.54487	9.124	0.60543	9.95235	1121.37141	34.27015	125.31059	30.58245	87.19373	176.87169	536.6157	38.00355	25.96378	3.18754	203.45989	19.67553	0	0	0.28626	1.30882	0.96216	0.03975	18.78045	0	0.81099	74.66907	275.36701	4295.38321	0.96391	7352.52922	1.78404	0	0.28184	0.13912	0.27427	0.93614	0	0	615.57394	0	0	336.37194	0.01854	498.87818	2835.35665	0.61996	0.05728	0.06484	14.09999	0	0
Schaalia odontolytica	50	2	3.64956	4.90835	61.48559	17.07949	13.18236	2.52078	8.00956	49.78582	35.49218	12.07463	15.65259	0.94532	3.1711	105.74453	0.07074	39.32552	15.12516	7.84136	0.06484	114.91327	3.11281	0.25977	1.85778	1418.43377	1.76323	14.00123	2.82679	22.21685	8.216	36.83915	1.29109	3.10204	0.09148	11.58479	0.73671	6.39538	25.65349	21.23022	1.90959	0.4303	0.22559	5.3374	0	2.57082	126.27697	28.99832	858.69902	316.44194	6809.249	94.65001	19.0559	7.48098	3.70526	2.53458	299.35144	26.08521	2.38436	626.90486	0.76585	0	53.51608	0	72.65896	3095.95627	0.15583	0.58895	42.27899	1.83981	3.1263	20.49479
Streptococcus parasanguinis	50	2	7.82039	6.95079	82.8204	29.54108	181.52629	6.43581	17.43379	52.28287	52.5355	4.63241	83.47295	1.57455	8.9876	35.3015	0.25471	48.01025	19.00993	48.17622	0.26809	65.14709	1.33269	2.68877	1.9321	200.41418	0.93592	17.03915	1.40683	9.64305	6.55829	62.8616	0.9574	2.57414	0.08531	8.34716	1.07395	19.14238	84.69901	18.62087	2.33376	0.7637	20.06506	10.61183	0.11407	98.07671	73.82701	77.27305	616.55191	114.68722	6476.71187	685.16503	168.52998	8.10244	1.33588	4.07812	830.52948	152.30287	10.38755	507.6743	1560.14296	0.24718	31.89096	2.32517	94.88907	1458.947	0.73139	16.67831	38.20534	1.0298	1.65288	42.97818
Prevotella melaninogenica	50	2	6.7895	6.35183	43.05842	10.52439	182.76156	7.4172	33.70375	148.9059	125.82919	7.74256	65.96404	1.39031	16.27327	65.7431	0.49028	299.91253	102.68208	3.51632	0.52922	1426.28691	5.54323	0.19826	25.85211	108.75862	1.00887	49.39124	31.34565	1.0329	56.25656	571.32968	8.9672	28.68018	1.13841	182.35094	5.73081	36.66004	314.89391	143.11593	15.0431	1.1745	0.41279	6.35402	0	4.86811	46.41767	418.97447	4397.31668	188.34872	1401.9337	0	0.68452	7.37503	1.1808	1.66565	0.76436	0	12.20147	1156.44006	0	0	0.50268	1.48059	22.75815	99.41423	0	22.41687	88.04841	1.79049	9.31644	35.9703
Streptococcus mitis	50	2	7.27021	18.61187	299.42713	40.16419	47.69671	36.83657	60.32608	3776.60316	17.24544	87.46468	41.57332	161.08983	73.22821	450.7093	15.41083	44.10324	23.44336	82.84086	2.33577	59.36239	7.06201	39.7515	11.11674	18.60197	4.78446	22.77433	2.87729	77.72655	25.09537	454.70217	37.58972	14.43015	3.31847	51.01637	93.18244	12.8916	53.33501	104.24322	2.31872	1.02764	9.70444	328.06998	5.94536	178.88721	36.96674	159.68497	357.32518	139.03643	1159.26883	464.28509	242.58083	199.70978	14.33524	144.06002	138.32276	195.64215	51.8171	237.94863	216.60756	1.53493	50.95328	4.95128	81.09652	344.17421	52.4443	26.69502	13.67278	1.66192	11.35271	48.74054
Veillonella dispar	50	2	5.02102	4.12997	50.27186	19.78965	380.47813	7.68242	19.67698	130.67329	121.1792	8.79541	67.29798	1.86844	6.0411	38.41756	0.15733	76.26259	28.06142	67.77401	0.29735	355.13388	3.80845	2.66595	3.50826	374.95493	0.4632	17.16888	3.66604	14.62969	8.50099	74.97327	2.32622	5.20922	0.14	18.00039	1.33326	25.22864	152.4915	95.38286	4.39916	1.57072	1.54061	6.03383	9.67213	2.55922	78.75697	125.99273	2324.31106	192.28029	1712.69585	1455.54069	139.28603	7.7558	7.36249	3.97624	518.73688	18.45084	4.06326	720.67096	38.04525	0	5.6433	0.38259	45.02142	1506.4574	0.12929	7.56098	21.57352	1.0217	0.47836	25.52198
Veillonella atypica	50	2	1.54283	2.91064	9.74165	4.1632	202.06476	8.13132	21.80704	56.20034	201.32628	1.65377	15.65814	0.58127	8.21487	29.94197	0.22282	93.18733	5.7735	6.45938	0.18176	140.61119	1.32593	2.29621	6.27445	17.90037	0	3.0237	0.95399	5.16268	17.15781	43.81856	0.53547	10.70015	0	28.52385	0.57506	25.24252	247.21901	58.80477	3.91705	3.57164	0.10772	1.67221	1.92326	2.85945	86.92922	169.12581	770.19131	210.49444	2995.17131	307.72165	156.14674	1.43636	4.98147	1.37276	665.59272	13.23864	7.25471	243.02108	1995.13635	0.06428	0.58211	0.08779	5.65987	120.65449	0	8.94199	39.23614	0.49635	3.63802	18.51535
Fusobacterium periodonticum	50	2	12.89611	14.62328	75.45821	48.83743	0.32416	2.43086	65.83734	29.99554	9.82739	56.79673	15.93677	2.11952	20.2428	139.25782	0.85625	138.57907	104.09862	33.3414	0.34428	33.20764	1.19038	0.06565	0.70704	150.76048	12.83382	14.74747	23.11096	39.30109	79.58353	175.56249	21.99771	36.85602	1.55259	107.6903	14.65649	0.22875	0	46.06823	10.10245	0.27535	0.98108	4.63098	0	1.06908	0.07725	106.89783	1150.7833	0.57946	1515.9799	1.9832	0	0.10656	0.09807	0.05335	0	0	0	68.97379	0	0	121.89839	0.04178	254.52073	134.61618	0	0	0	0.07331	0	0.79135
Streptococcus salivarius	50	2	0.35266	1.33331	4.16007	16.28717	61.57225	3.1948	1.56622	14.0753	28.1357	0.3461	34.03076	0.37818	7.56092	9.59912	0.0813	6.71336	9.28804	8.35117	0.11439	12.85925	0.56975	11.54425	1.89252	51.84153	0	1.45393	1.51557	0.32746	9.0993	2.64027	0	0.13476	0	0.26798	0	2.28181	6.37316	2.75946	0	0.20749	0.33451	2.74612	1.84825	10.36564	23.75289	7.92624	43.26348	31.91199	2619.32588	375.79212	145.81295	2.83617	1.89185	1.11527	348.71145	5.07856	2.11414	83.86533	534.37963	0	1.0031	0.05117	11.00085	62.02976	0.20508	3.96704	7.03032	0.30018	0.15885	5.96159
Haemophilus parainfluenzae	50	2	9.57043	12.6453	193.32992	46.84409	0.63377	7.08441	50.99799	138.70096	10.168	34.81489	108.64958	1.74136	27.78155	71.89788	1.12898	157.74889	35.84744	34.6979	0.43788	100.20148	2.67226	0.85135	2.71581	344.57249	8.9191	66.16044	15.71957	100.26562	24.76199	351.08888	10.30945	19.03034	0.65095	25.55709	7.46753	7.23337	5.71018	18.12835	8.75044	0.9319	0.17517	38.26133	1.96825	0.55141	7.10207	56.68048	13.51323	3.66136	812.85372	12.68766	0.99136	1.97214	0.83888	3.61997	0.90575	1.18281	0.31557	403.31858	0	0	248.19113	0.04247	441.05962	500.6857	4.87198	0.08498	0.10548	2.91388	0.18165	3.19814
Streptococcus pseudopneumoniae	50	2	5.46783	19.79602	157.54881	20.89499	24.45991	17.23321	26.1646	925.7525	6.59955	20.96711	17.09265	57.10785	36.8545	159.3869	6.75452	20.2927	9.56974	32.37321	1.00863	20.68255	8.23524	18.81343	5.81532	9.26302	2.17345	9.29947	1.58397	29.54405	22.21494	224.62954	34.26744	6.80037	2.88253	23.28614	91.78323	6.10228	15.5118	35.01123	1.18958	0.52022	2.7427	69.56597	2.80037	81.51257	19.83882	56.57078	58.5726	56.47505	344.62343	173.41217	90.81507	42.15811	7.88287	52.2176	39.61092	66.74131	26.73272	106.01605	86.67272	0.50035	35.19692	1.53621	37.55644	174.89427	24.04275	18.21105	7.14747	0.75168	5.09256	21.20859
Streptococcus equinus	50	2	0.97907	2.57191	12.0345	28.64945	22.32814	1.1865	1.04086	25.13793	33.79565	0.94963	66.69709	1.91376	15.79021	19.61981	0.33661	12.81277	19.84682	22.4416	0.24373	21.95531	0.58805	5.90764	0.85989	24.13235	0	3.22751	3.20611	0.3778	6.58061	3.39321	0	0.13211	0	0.4764	0	1.87713	5.54542	3.32317	0	0.06449	1.29605	3.2563	1.75305	7.48673	37.62388	12.71852	68.20795	57.89054	754.25604	579.66503	231.9631	5.14997	0.54946	2.71413	108.61408	8.92737	3.44103	120.23864	1086.98524	0.04745	1.69609	0.15418	20.19515	89.38635	0.52317	6.89593	10.10288	0.47824	0.29587	8.95995
Gemella haemolysans	50	2	1.61281	13.46312	57.78515	7.15557	53.3553	115.20032	105.96494	0	17.67734	21.71654	32.98118	21.07526	12.61417	89.0856	1.43054	26.4001	8.6525	208.0351	6.41624	28.92156	3.04727	69.20475	2.06957	1.28812	3.96043	5.50347	0.99869	6.02093	15.3797	52.71251	30.32606	4.42268	3.40505	32.48859	43.2688	35.47871	14.22402	37.59658	1.27131	0.15912	0.35736	630.12276	4.45307	7.81841	20.00291	40.58705	311.76399	22.27114	153.42323	110.16446	94.30484	74.24043	2.10404	27.77487	10.97928	20.9811	6.11446	114.12332	12.6302	0.86407	21.9556	0.22853	40.31744	54.37984	18.61357	5.59777	3.79222	1.51498	2.14127	15.01186
Campylobacter concisus	50	2	0.50482	1.94463	3.54124	1.9077	2.98957	1.37651	6.57844	8.32529	19.59117	0.23688	5.31422	0	3.17242	1.40159	0.07347	31.39409	2.80933	14.58002	0	27.43072	0.39087	0.25963	1.322	19.68543	0.11659	2.31274	1.86084	1.73377	9.42702	11.06109	0.26319	2.06481	0	5.59384	0.13925	3.17181	28.01458	95.96138	0.91932	0.34133	0.0892	1.63572	0	0.29019	49.13895	158.6234	697.9428	61.64467	1075.17	0	0	4.27726	0.45228	1.06087	0.21356	0	1.22579	182.67739	0	0	12.2192	0	10.50812	119.94356	0.22206	0.09323	19.50695	1.45185	0	3.0149
Gemella sanguinis	50	2	1.89601	2.07194	22.9715	18.46133	1.13401	4.20151	2.78691	16.74658	17.68273	8.16148	11.18215	1.81767	1.891	39.67521	0.06495	11.63689	22.93562	12.05295	0.24827	2.73717	0.69495	0.5408	0.20834	13.81432	1.92299	0.17998	1.86755	5.21933	4.071	18.52913	1.39353	1.52717	0.17989	6.02123	1.92656	0.3222	11.06863	0.98987	1.40309	0.09251	0	6.69747	0.12654	0.82078	0.58941	0.78441	18.96453	1.14026	1136.59873	4.41758	0.58732	0.68639	0.11169	2.35873	1.58546	0	0.19849	149.64359	0	0	36.07961	0	171.8787	736.99475	0.3961	0.29613	0.54266	0.64936	0.12483	0.49511
Streptococcus pneumoniae	50	2	3.43715	12.63469	110.75249	11.79944	13.72095	10.26217	16.5986	555.82383	4.65623	12.1553	10.91445	35.76296	19.12985	99.60011	3.59308	15.9074	5.96486	20.63575	2.63228	14.43513	5.44327	10.82181	4.30736	5.0757	1.3797	6.53137	1.19194	20.83839	12.35854	142.74723	22.15138	4.56984	1.8258	13.54816	55.38883	10.44834	10.2068	20.11231	0.70702	0.2727	1.72698	42.47979	1.98005	46.40522	13.19337	36.88098	39.21967	37.86623	249.46884	131.09905	60.48879	24.70004	4.14631	27.44077	26.30477	34.29636	16.3196	69.22052	60.47686	0.28058	30.57935	0.89006	23.84346	110.25129	17.39117	10.25699	4.25132	0.48232	2.93306	14.30992
Neisseria cinerea	50	2	2.42076	52.97562	78.724	22.49451	0	0	0.97384	0	0.18472	23.24807	50.48983	1.3669	371.58245	7.12007	123.71264	0.80077	1.42016	14.40385	1.77218	0.80066	6.64569	0	0	10.84083	3.24297	1.24176	2.01358	0.87006	17.1099	13.4111	125.18497	13.69846	46.16181	2.83116	413.43826	0	0	0	0	0	1.29937	23.21828	0	0	12.765	2.62025	37.28834	8.16621	57.12999	14.58135	0	1.10714	0	0.26741	0	0	0.15306	19.11332	0	0	374.47823	0	7.56899	36.39233	17.53132	1.78997	0.99294	9.56448	0	25.1442
Prevotella jejuni	50	2	0.87106	0.67706	3.40531	0.68783	21.05374	0.41763	101.06425	5.87174	234.06597	0.49535	4.06886	0	1.28255	3.39621	0	66.65548	9.43371	0.36415	0	75.48621	0.49477	0	1.43809	5.60883	0.07479	2.94799	7.67537	0	3.54821	99.6217	1.65846	18.98628	0.24088	21.07585	1.34749	4.88121	209.07911	19.59562	0.72613	8.80872	0.02862	0.38911	0	1.50659	19.63076	18.23178	609.55702	95.85733	74.82538	0	13.479	0.5755	0.06022	0.24062	0	0	1.11426	75.94186	0	0	0	0.07504	2.73844	8.56475	0	1.3448	6.82618	0.10806	0.76213	2.9319
Streptococcus oralis	50	2	0.85171	2.20611	29.35935	7.26261	6.73237	4.3215	7.44372	185.00411	7.18849	5.40065	11.6606	7.39861	7.51998	28.9572	1.53599	6.46515	7.48552	14.83065	0.34187	24.86177	0.7284	6.46464	1.58892	21.77177	1.06325	4.64021	0.7533	8.99228	2.73709	41.15741	3.78354	1.92738	0.38135	7.50585	9.34217	5.43781	6.71028	6.50246	0.39056	0.18679	1.43051	22.957	0.53335	19.28783	16.0856	16.8665	57.26956	36.11701	415.72573	211.79653	43.01723	13.32529	1.57553	7.891	32.71864	18.22404	6.28714	77.27075	133.42872	0.11785	12.13775	0.40854	26.87984	162.56791	6.55871	2.68355	4.10315	0.24609	0.81232	7.37963
Haemophilus parahaemolyticus	50	2	0.09882	4.23669	2.18139	11.02309	0	0	576.33741	2.35935	18.83125	0.26072	4.2558	0	1.42334	5.47505	2.74798	88.49312	0.33276	3.49893	15.66442	0	0.0581	0	10.67422	0	0.19987	0.29207	0.1643	0.41514	115.81725	2.327	3.23191	2.67093	0.20723	22.94675	2.24284	0	0	0	0.19598	0	0.06387	0.84123	0	0	0.3796	4.98878	0	0	5.87628	4.04296	0	0	0	1.2117	0	0	0.16294	266.23745	0	0	2.95847	0	14.40048	2.12757	0.17891	0	0.17632	0.05479	0	0.53961
Streptococcus thermophilus	50	2	0	0.13312	1.00684	1.29182	4.15016	0.21227	0.24662	4.21467	9.44983	0	3.16612	0	0.75075	1.71334	0	0.91667	1.38021	1.26588	0	7.97482	0	0.25081	0	1.82472	0	1.13636	0.16945	0	0.35365	0	0	0	0	0	0	23.27459	2.4203	518.45774	0	0	0.15295	0.5024	1.60937	3.45846	15.02573	5.65011	29.91434	24.85999	55.89256	238.09302	7.77059	1.80729	0.04952	1.16288	7.39456	2.28815	1.49413	45.97398	51.30684	0	0.4185	0	2.0144	38.53027	0.12615	2.8727	4.63988	0.2347	0.14961	3.69584
Veillonella parvula	50	2	0.50721	1.23953	2.83173	4.46783	6.98714	0.40249	3.47104	6.81468	7.08238	2.77661	5.23408	0.55506	1.87565	11.75711	0.12345	4.1781	1.75421	4.70488	0	18.11389	0.4727	0.05346	0.23449	11.93772	0.11919	1.11128	0.92284	2.24235	2.53187	19.19067	0.74371	1.76178	0	5.02133	0.53228	1.33776	5.39553	5.1093	0.33646	0.44644	0.23015	0.67506	0.37576	0.2557	9.99596	6.35609	114.16705	16.956	538.2227	76.91906	7.13023	0.59975	0.37047	0.71143	16.50694	0.79526	0.57397	65.03918	10.75571	0	1.13282	0.03939	11.74338	79.75379	0	0.74165	3.00869	0.09311	0.1399	2.30573
Haemophilus influenzae	50	2	2.44263	158.01629	56.58848	6.25703	0.69378	2.00121	24.67138	20.75972	0.70738	1.45164	7.21655	1.27726	24.68467	16.41917	7.08176	38.57057	4.92623	76.03444	1.46084	1.8279	1.37155	0.11538	3.1835	10.73487	2.17107	3.9043	1.22591	2.61781	41.67637	65.74627	22.316	2.04314	2.55316	3.48923	40.97007	1.37679	0.62448	0	0.20644	0	2.72932	16.70572	0.55797	0.13135	12.65846	14.79933	10.90679	2.85296	14.55799	76.65417	0	0.32795	0	44.82831	6.64261	0	6.60894	36.40707	0	0.02219	45.35721	0.65937	17.77592	43.03659	3.83309	0.12651	1.31819	2.30411	2.32952	34.18694
Atopobium parvulum	50	2	0.1331	0.19557	0.47599	0.4688	2.66859	0	0.88929	6.48365	1.87842	0	0	0	0	0	0	2.48773	1.55547	0	0	16.28806	0.14979	0	0	0	0	0.14806	0.1539	0	1.00195	5.33085	0	0.60891	0	1.99558	0	1.27953	13.49839	5.20631	0	0.19155	0.03986	0	0	0.28278	6.65042	12.03384	487.97882	31.49298	0	0	7.41223	0.12778	0.09166	0.16666	0	0	3.44997	114.08119	186.24827	0.05981	0	0	0	10.1955	0	19.84821	22.87668	0.11949	1.3559	6.74935
Neisseria lactamica	50	2	0.57954	11.73721	11.50264	1.84776	0	0	0.66674	0	0	0.94134	3.98022	0	26.78237	1.65089	9.02881	0	0.39561	0.41702	0.13293	0	179.98499	0	0	2.53554	0.18534	0.67723	0.40101	0.43559	1.85169	1.488	30.539	0.28015	11.16118	0.55381	99.49136	0	0	0	0	0	0.2346	0.85299	0	0	3.19322	0.81402	10.8289	0.96387	43.49634	0	0	0.07621	0	0	0	0	3.91127	3.33732	0	0	27.75961	0	44.81248	50.22216	0.54372	0.07432	0.29163	2.33611	0	5.23287
Streptococcus cristatus	50	2	0.14537	0.31546	3.82362	1.7281	1.19283	1.17414	1.18708	9.04399	1.66301	1.2343	2.44268	1.92575	1.14509	6.59031	0.21353	1.13245	1.51689	3.86607	0	4.40367	0.06959	0.65569	0.53225	5.59743	0.21123	0.66236	0.19107	2.08289	0.59331	7.04231	0.66695	0.2799	0	0.90865	1.3503	0.52661	1.38557	0.8422	0.1137	0	0.35811	2.8726	0.26747	4.28818	2.69531	4.04096	13.50554	7.43662	105.50037	29.1843	6.69951	2.11857	0.18813	1.56233	8.9959	5.27708	1.40454	15.22791	28.65527	0	2.68881	0.09398	7.18832	33.92286	1.02688	0.58566	0.99348	0.05334	0.196	1.76817
Human herpesvirus 5	50	2	0	0	0	0	187.26868	0	0	0	0	0	0	0	0	0	0	0	0	0	0	0	0	0	0	0	0	0	0	0	0	0	0	0	0	0	0	0	0	77.62465	0	0	0	0	0	0	0	0	0	54.03241	0	0	0	0	0	0	0	0	12.60605	0	0	0	0	2.56471	0	0	2.32626	0	0	0	0	0
Neisseria mucosa	50	2	0.11072	1.79112	1.75506	3.39193	0.25068	0.94948	0.49091	0	2.19347	1.46101	3.08743	0	5.33448	7.5906	1.55829	0.86697	7.67724	0.74369	0.07251	1.09483	0.80633	0	0	38.22377	2.51672	1.85939	0.76272	1.0253	2.68065	3.79919	2.14322	0.26977	0.69123	1.59752	6.17972	0	0	0.25534	0	0	0	2.02916	0	0	3.29745	1.74053	70.32323	0.94642	58.39416	0	0	0.02392	0	0.06388	0.14377	0	0	14.64108	0	0	9.35531	0	10.30821	41.83374	0.16811	0.09496	0.23032	0.28862	0	0.27415
Leptotrichia buccalis	50	2	0.1946	1.82464	0.84878	1.25387	0.21229	0.11855	1.86948	0	2.64881	0.15117	1.03541	0	2.43175	1.12814	0.25185	3.83459	0.79239	0	0	1.99163	0.22827	0	0.09388	6.01862	0.05179	0.11927	0.15791	0.20128	3.09338	1.07712	0.66831	1.44735	0	0.34834	0.49199	1.04396	7.58787	8.17043	0.44407	0	0	0.28301	0	0.07996	0.58631	8.70197	111.38846	11.11471	12.64509	0	0	0.25018	0.05154	0.27885	0	0	1.30462	96.07154	0	0	0.38272	0	1.26609	4.08348	0	0.85979	1.02729	0.11851	0	8.61006
Streptococcus gordonii	50	2	0.16394	0.3939	6.00965	1.54859	1.09146	1.03752	0.64761	23.71873	1.28552	0.74819	1.47168	1.49377	0.89985	6.11313	0.16209	0.81108	0.70669	1.97799	0	4.09194	0.06753	0.81902	0	2.24667	0.13149	0.66875	0.07817	2.92117	0.38524	12.10404	0.39903	0.40343	0	2.0197	1.67019	0.47524	1.07664	1.65775	0	0	0.34565	5.81375	0.11422	3.09092	1.36513	2.90709	11.58579	6.01743	74.83744	25.42718	4.04052	1.24085	0.3026	0.77456	6.10854	2.68685	1.02169	13.49483	13.94055	0	1.71783	0.09011	3.97365	21.00706	0.67987	0.64773	0.99919	0.04475	0.17704	1.42225
Actinomyces meyeri	50	2	0.08736	0.41589	0.57462	1.05266	0.70314	0	0.67909	3.59558	0.64415	0.37976	0.57496	0	0	1.80885	0	1.57582	0.88865	0	0	5.14758	0.08127	0.05736	0	5.05977	0	0.27275	0.07551	0.1103	0.29121	1.84614	0	0.12217	0	0.39191	0	0.52456	1.41788	0.35568	0.06537	0	0	0.17532	0	0.19537	1.37849	2.97435	75.52911	11.24879	90.60122	17.42563	0.26255	0.09065	0.13454	0.07606	1.7109	0.20626	0.11573	43.29016	0	0	2.15058	0	1.23345	6.98084	0	0	0.67298	0.05577	0.10134	0.4404
Capnocytophaga sputigena	50	2	0	0.11435	0.31446	0.31713	0	0.13015	1.18933	0	0.31438	0.13611	0.26177	0	0.37587	0	0	0	0.41849	0	0	0	0.29444	0	0	0	1.96946	0	1.92889	0	1.13669	0	2.47643	0	0.13782	0.16807	0.51376	0	0	0	0	0	0	0.98041	0	0	0.55678	0.78877	0	0	3.17514	0	0	0	0	0	0	0	0.18287	3.23168	0	0	199.25157	0	0.40505	1.04797	0	0.03097	0.0903	0	0	0.38735
Bifidobacterium breve	50	2	0	0	0	0	2.14485	0.55004	0	0	0.66408	0	15.68451	0	0	0	0.1925	0.74446	6.17388	0	0	0	0	0	0	0	0	3.84447	0.62578	0	0.10854	0	0	0	0.05992	0.0851	0.41695	0.08025	0	0.79496	0	3.7707	0.05691	0	5.45632	0.89979	0	0	0	0	0	60.27594	0	0	0	0	107.23116	0.24176	0.44076	0	8.69502	0.11129	0	0	0	0	0	0	0	0	0	0
Streptococcus sanguinis	50	2	0.07805	0.19865	3.9888	1.21969	0.9944	0.67214	0.86437	0	1.94448	0.34497	1.39607	0	0.58649	2.67687	0.13481	0.99346	1.33326	1.0231	0	2.31592	0.07733	0.98324	0	3.40763	0.10017	0.22758	0.07941	1.43264	0.4484	9.4578	0.30992	0	0	1.17829	0	0.2812	0.73008	1.1228	0	0	0.16463	10.13319	0	3.46097	3.342	1.91632	10.95163	3.02928	56.97459	15.17872	4.34051	3.82214	0.26562	0.26791	6.7397	1.80098	0.20729	8.43508	17.43276	0	0.78755	0.04471	2.5924	11.73844	0.25728	0.32072	1.32151	0.01743	0.04742	0.80172
Neisseria meningitidis	50	2	0.38176	7.03403	6.0761	1.35337	0	0	0.77457	0	0	1.48681	1.90739	0	6.0172	4.4893	2.14938	0	0.36409	0.49274	0	0.6986	9.5948	0	0	4.08266	0.20894	0.8636	0.21263	0	0.98286	4.41668	15.57515	0.35694	5.73972	1.72976	50.3347	0	0	0	0	0	0.03442	0.6329	0	0	1.63774	0.80657	11.80256	0.27098	22.71502	0	0	0.06324	0	0	0	0	0.21082	2.72091	0	0	10.39995	0	2.35288	12.00676	0.25515	0.07588	0.15312	1.22828	0	2.57283
Cutibacterium acnes	50	2	0	0.11866	0.78707	0.12216	12.20695	1.06093	1.28145	9.40257	5.4827	0.15036	0	0.96217	0.72201	4.32793	0	1.81349	0.19773	1.086	0	10.00229	0.56417	0	0.07865	3.23742	0	0.34203	0	0.09085	0.09462	3.61153	0	0.21784	0	0.13063	0	0.37513	0.54952	0.76201	0	0	0.14286	2.9279	0.03252	18.09552	0.97701	0.11944	0	4.80132	4.14504	11.27194	0.73124	1.85054	0.24785	2.36762	6.46969	4.89483	1.18286	5.19568	46.71774	0	0	0.07295	0	0	0.24667	0.08007	0.05602	0.0166	0	0.08722
Capnocytophaga leadbetteri	50	2	1.68016	4.06412	21.32993	5.11018	0	0	0	0	0	4.75635	0.2622	0.25248	3.94141	3.30016	0	0	0.30054	0	0.10229	0	0.10222	0	0	0	0	0	0.31854	0	6.53318	0	1.07219	3.74208	0.2351	14.19301	1.88073	0	0	0	0	0	0	0.23314	0	0	0.3412	0	0	1.40217	11.98578	0	0	0	0.42091	0	0	0	0	6.06482	0	0	18.07948	0	53.55028	4.85467	0	0	0	0	0	0
Neisseria gonorrhoeae	50	2	0.26801	4.98261	4.27148	1.09555	0	0	0	0	0	0.48069	1.21464	0	6.10199	2.50756	2.11255	0	0.4275	0.38252	0	0	6.34494	0	0	5.15214	0.17611	0.34813	0.15666	0	0.86349	0	11.72289	0.1726	4.27285	0.77743	38.15546	0	0	0	0	0	0	0.45066	0	0	1.28831	1.02708	14.32268	0	23.15991	0	0	0.02696	0	0	0	0	0.1228	2.67634	0	0	7.3916	0	1.848	7.44267	0.26775	0	0.10022	0.94515	0	2.00846
Prevotella denticola	50	2	0.12223	0.22781	0.73874	0.22704	2.85276	0.1192	1.34778	1.70868	4.59261	0.0972	0.54514	0	0.25369	0.62972	0	3.60571	1.02039	0	0	11.84553	0.12427	0	0.36065	1.7705	0	0.34066	0.78468	0.09362	0.63102	7.41119	0.50572	0.52112	0.0913	1.89031	0.66622	0.55622	5.08823	2.39102	0.12587	0.11095	0	0.09995	0	0.12601	2.06293	4.11685	49.11528	7.55928	17.17444	0	0.17324	0.12596	0.01708	0.15083	0	0	0.27658	11.67561	0	0	0.81512	0.01509	0.68489	2.18013	0	0.36054	1.98045	0.03198	0.21824	0.91397
Fusobacterium hwasookii	50	2	0.86058	0.78379	3.96461	2.19138	0	0.18309	1.62092	3.2323	0.45634	1.28193	0.545	0	0.75441	3.54179	0.19778	4.10613	2.78569	1.16028	0.04745	0.78274	0.18114	0	0.06491	4.50088	0.28323	0.48745	0.98936	0.75743	3.889	4.90337	1.55132	2.57497	0.2345	3.47609	1.08509	0.22446	0	5.93542	0.70496	0	0.14302	0.19281	0	0	0.12308	2.8037	32.01181	0.42855	29.83431	0	0	0	0.11126	0.0988	0	0	0.07795	3.50096	0	0	2.73153	0.55509	9.85537	4.05717	0	0	0	0	0	1.34954
Moraxella catarrhalis	50	2	4.61816	0.35003	1.73662	0	0	0	0	0	0	0	0.30318	0	0	0	0	0	0	0.22865	91.60696	0	0.20684	0	0	0	0	0	0	0	0	0	0	0	0	0	0	0	0	0	0.98985	0	0	0.41095	0.0274	0	0	0.08727	0	0	0	0	0	0.08249	0	0	0	0	0	0	0	0	0	11.85608	0.51477	0	0	8.44697	0.16311	4.1907	18.1193	0.19606
Prevotella enoeca	50	2	0.14436	0.23616	0.88155	0.3096	1.89411	0.1546	3.00973	2.81076	7.45767	0.1554	0.73028	0	0.60723	1.04523	0.24886	2.51338	0.73469	0	0	21.33321	0.18907	0	0.16086	3.21122	0	0.151	0.74625	0.10439	0.6294	4.61903	0.61144	0.3797	0.12466	0.56822	1.21057	0.57146	2.88186	2.08157	0	0.13804	0.02588	0.10905	0	0.10476	1.1677	4.48678	28.32246	7.62184	17.76363	0	0.22648	0.04619	0.08998	0.19586	0	0	0.27377	6.18434	0	0	0.96785	0	0.92216	3.38881	0	0.45851	1.56018	0.04569	0.19054	1.27337
Prevotella fusca	50	2	0.19814	0.29312	1.43144	0.28608	1.86243	0.15561	0.80983	0	5.09801	0.34098	1.26511	0	0.59399	0	0	4.05639	1.04173	0	0	8.20061	0.16506	0	0.22644	2.36383	0	0.74481	0.96922	0	0.79095	13.03982	0.88809	0.70108	0.13423	1.95297	1.21791	0.47291	3.67805	1.94969	0.13685	0	0	0	0	0	1.13034	1.82781	39.48936	5.5994	7.88935	0	0	0.08407	0	0.10196	0	0	0.24805	14.59803	0	0	0	0	1.38245	2.78921	0	0.25418	1.40717	0.02609	0.19289	1.79835
Lactobacillus gasseri	50	2	0	0	0	0	0	0	0	0	0	0	0	0	0	0	0	0	0	0	0	0	0	0	0	0	0	0	0	0	0	0	0	0	0	0	0	0	0	0	0	0	0	0	0	0	0	0	0	0	0	0	0	0	0	0	0	0	0	0	118.57436	0	0	0	0	0	0	0	0	0	0	0
Bifidobacterium longum	50	2	0	0	0	0	16.10883	0.13092	0	0	0.90345	0	4.84267	0	0	0	0.07398	3.99095	5.43045	0	0.04809	0	0	0	0	0	0	0.86221	0.06636	0	0	0	0	0.05269	0	0	0.21622	0.54867	0.14691	0.27861	0	1.43091	0	0	0.12608	0	0	0	0	0	0	5.25718	0	0	0.05054	0	1.75809	0	0	0	64.40663	0.64505	0	0	0	0	0	0	0	0	0	0
Rothia dentocariosa	50	2	0	0	0	0.43279	1.19478	1.21446	0.20657	0	0.26531	0	1.21354	0	0.69812	0	0.04215	0	0	0	0	0	0.06732	0	0	0	0	0.92991	1.93561	0	0.06803	0	0	0	0	0	0	0.15794	0	0	0.1767	0	0.27551	0.50221	0	0.12925	2.98159	1.76202	3.8884	4.00112	0	33.93808	0	0.20299	0	0.08292	1.66474	4.4778	0.24239	2.48646	20.8232	0	0.59391	0	1.07893	10.24231	0	0.42755	1.03282	0	0	0.78632
Neisseria elongata	50	2	0	0.79118	1.50056	0.80671	0	0.09213	0	0	0.22613	1.37256	0.67641	0	2.47502	2.93791	0.76549	0	0.67134	0	0	0	0.39893	0	0	6.0745	0.17359	0.50892	0.1597	0.86496	2.1202	3.00373	1.78382	0.20079	0.59128	0.93433	5.2907	0	0	0	0	0	0	0.59342	0	0	0.51085	0.92949	18.93397	0	24.32453	0	0	0	0	0	0	0	0	2.66144	0	0	4.49633	0	1.45366	8.06023	0	0	0	0.13968	0	0.23861
Capnocytophaga gingivalis	50	2	0.55747	4.56996	5.05323	5.15198	0	0	0	0	0	7.90991	0.52188	0.48502	2.82117	4.54748	0	0	0.05995	0	0	0	0.13936	0	0	0	1.22626	0	0.07561	0	1.04068	30.01463	0.42853	0.41361	0	1.02504	0.29154	0	0	0	0	0	0	0.8056	0	0	1.20421	0	0	0.12932	9.44131	0	0	0	0	0	0	0	0	1.28458	0	0	6.02878	0	0.57256	1.55596	0	0	0	0	0	0
Streptococcus anginosus	50	2	0	0	0.81597	0.28526	0	0	0	0	0.67889	0.26909	0.69385	0	0	1.79051	0	0	0.50276	0.53413	0	1.4984	0.22024	0.38836	0	0	0	0	0	0	0.19052	0	0	0	0	0	0	0	0.44788	0	0	0	0.19749	0.33308	0	0	0.66051	0.70158	5.14422	2.2129	26.07775	12.22079	0.9442	0.37452	0	0.15729	1.75132	1.94398	0.28355	7.45021	6.52135	0	0.67231	0	2.3511	5.78121	0	0.20013	0.36216	0	0	0.50011
Gemella morbillorum	50	2	0	0.30776	1.22437	0.34747	0.74959	0.78885	1.38711	0	0.71143	0	0.43826	0	0.42104	1.18754	0	0.90043	0.27421	3.36582	0.08904	0	0.21985	0.33956	0	0	0	0.13707	0.33268	0	0.77084	1.47511	0.67488	0.26941	0	0.53224	1.14527	0.43235	0.42689	0.83068	0	0	0	3.26197	0	0	0.53604	1.30273	24.98942	1.83336	7.62786	2.20681	0.86497	0.4305	0.0754	1.27901	0	0	0.24884	5.2767	0	0	1.06176	0	1.61325	5.26884	0.16898	0.22701	0.12251	0.09129	0.11331	0.5556
Rothia aeria	50	2	0	0.43977	0	0.55288	0.97183	1.54584	0	0	0.33645	0	0.83555	0	3.13745	0	0.52351	0	0.57345	0	0.04486	0	0	0	0	0	0.11014	0.4528	0.11608	0	1.28426	0	0	0	0	0	0	0	0	0	0	0	0.10415	0	0	0.09326	0.7357	0.83754	6.37928	1.99215	13.1145	13.47336	0.35225	0.08355	0	0.04061	0.53042	1.6665	0.10011	2.77787	8.05462	0	0	0	0.95067	5.20001	0	0.15097	1.36549	0.06874	0	0.42913
Fusobacterium nucleatum	50	2	0.19046	0.21458	0.84582	0.52581	0	0.6024	0.57613	0	0.21324	0.47313	0.24293	0	0.30331	1.37853	0	1.79805	1.14187	0	0	0	0.32906	0	0.3096	1.63634	0.11402	0.15447	0.2548	0.40993	1.4633	1.90299	0.79508	1.11672	0.17761	1.3555	0.60621	0.88395	0	2.19391	0.18023	0	0.06811	0.06513	0	0	0.04833	1.01504	16.72718	0	14.84485	0	0	0	0.04146	0.03288	0	0	1.40192	1.30208	0	0	0.94933	0.18555	1.70386	1.44952	0	0	0	0	0	0.74007
Streptococcus intermedius	50	2	0	0	0	0	0	0	0	0	0	0	0.28353	0	0	0	0	0	0.13228	0	0	1.20776	0	0.18664	0	0	0	0	0	0	0	0	0	0	0	0	0	0	0	0	0	0	0.11489	0.2507	0	0	0.43688	0.65582	2.51975	2.04392	22.1341	10.31715	0.50059	0.2144	0.28625	0.11347	1.46406	0.96227	0.17275	2.54864	6.08025	0	0.44869	0	1.02226	3.61841	0.25838	0.15116	0.21447	0	0	0.31956
Streptococcus constellatus	50	2	0	0.28094	0	0.30062	0	0	0	0	0	0	0.51143	0	0	0	0	0	0.1408	0	0	0	0.05786	0.15564	0.16333	0	0	0	0	0	0	0	0	0	0	0	0	0	0	0	0	0	0.1517	0.89955	0	0	0.36269	0.54058	7.48262	1.61985	12.77344	9.63123	1.52292	0.42762	0.0379	0.26209	1.42345	0.84508	0.27762	2.30245	6.61243	0	0.40953	0	0.83696	4.92725	0	0	0.20509	0	0	0.23366
Streptococcus himalayensis	50	2	0	0	0	0.31717	0	0	0	0	0.26092	0	0.27682	0	0	0	0	0	0.17077	0	0	1.02941	0	0.12641	0	0.67103	0	0.16599	0	0.17434	0	0	0	0	0	0	0	0	0	0	0	0	0.08319	0	0	0	0.36983	0.48362	2.34347	1.31012	20.91244	7.92974	0.35966	0.45987	0	0.06688	1.06564	0.78473	0.09769	2.33778	3.85114	0	0.38403	0	1.01535	5.23641	0.23481	0.09309	0.17569	0	0	0.25335
Streptococcus suis	50	2	0	0	0	0.32686	0	0	0	0	0.24226	0	0.47774	0	0	0	0	0	0.15533	0	0	0	0	0	0	0	0	0	0	0	0	0	0	0	0	0	0	0	0	0	0	0	0.07936	0.13787	0	0	0.33638	0.30727	2.88649	1.53224	18.19282	7.35862	0.42706	0.13877	0	0.15131	1.356	0.45095	0.11398	2.0362	7.6138	0	0.29016	0	0.79731	4.02233	0	0	0.17343	0	0	0.27274
Staphylococcus epidermidis	50	2	0	0.06171	0.32325	0	3.47015	0.29896	0.12842	1.35064	1.52252	0	0	0.24147	0.32529	1.03461	0	0.93146	0	0.32544	0	0.84125	0	0	0	0.27547	0	0.14722	0	0.06956	0.0831	0	0	0.10117	0	0	0	0.0485	0	0.10063	0	0	0	0.43952	0.0419	1.08344	0.03627	0	0	0.46077	0	31.55027	0.97072	0.04167	0.01752	0.16188	0.35068	1.31285	0.0321	0	1.11064	0	0	0.0201	0	0	0.03116	0	0	0	0	0
Bifidobacterium pseudocatenulatum	50	2	0	0	0	0	0	0	0	0	0	0	0	0	0	0	0	0	47.56484	0	0	0	0	0	0	0	0	1.38307	0	0	0	0	0	0	0	0	0	0	0	0	0	0	0	0	0	0	0	0	0	0	0	0	0	0	0	0	0	0	0	0	0	0	0	0	0	0	0	0	0	0	0	0
Staphylococcus hominis	50	2	0	0	0	0	2.22036	0.1533	0.12681	1.75853	0.76648	0	0	0	0	0	0	6.84988	0	0.26719	0	2.25432	0.0313	0	0	0	0	0.64078	0	0	0	0	0	0.0911	0	0	0	0.06697	0	0.77327	0	0	0	0.19877	0	0.51423	0	0	0	1.68423	0	1.91912	5.23755	0.04244	0.04474	0.20097	0.39542	0.11986	0.03139	0	19.39051	0	0	0	0	0	0	0	0	0	0	0
Streptococcus lutetiensis	50	2	0	0	0	0	0	0	0	0	0	0	0	0	0	0	0	0	0	0	0	0	0	0	0	0	0	0	0	0	0	0	0	0	0	0	0	0	0	0	0	0	0	0	0	0	0.14172	0	0	0	39.64597	0	0	0	0	0	0	0	0	0.88761	0	0	0	0	0.30559	0	0	0	0	0	0	0
Eubacterium sulci	50	2	0	0.20665	0	0.18065	0	0	0.67858	0	0	0	0	0	0	0	0	5.70752	1.62716	0	0	0	0	0	0	0	0	0	1.32694	0	0.21386	6.11624	0.16566	2.5849	0	2.04758	0	0	0	0	0	0	0	0	0	0.97385	0	0.85226	10.84306	0	0	0	0	0.10823	0	0	0	0	0	0	0	0	0	0	0	0	0	0	0	0	0	0
Prevotella intermedia	50	2	0	0	0	0	0	5.38535	0	0	3.12361	0	0	0	0	0	0	0	1.73279	0	0	0	0	0	0	0	0	0	0.80945	0	0	0	0	0	0	0	0	0	0	0	0	0	0	0	0	0	0	0	21.61402	0	0	0	0	0	0	0	0	0	0	0	0	0	0	0	0	0	0	0	0	0	0	0
Abiotrophia defectiva	50	2	0	0	0	0.52394	0	0	0	0	0.71558	0	0.2768	0	0.17815	0	0.07699	0	0.77428	0	0	0	0.04263	0	0	0	0	0	0.0912	0	0.14236	0	0	0	0	0	0	0	0	0	0	0	0	0.60531	0	0	0.97906	0.30238	0	2.35175	13.29362	0	0	0.14188	0	0	0	0	0	3.92981	0	0	0.39233	0	0.52495	2.62867	0	0	0.23105	0	0	0
Streptococcus iniae	50	2	0	0	0	0	0	0	0	0	0	0	0	0	0	0	0	0	0	0	0	0	0	0	0	0	0	0	0	0	0	0	0	0	0	0	0	0	0	0	0	0	0	0	0	0	0.17128	0.23688	0	1.35776	13.22796	4.52412	0	0.10084	0	0.13787	0.69985	0.55256	0	1.23969	2.58234	0	0.17829	0	0.37674	2.0498	0	0	0.11428	0	0	0.14213
Lautropia mirabilis	50	2	0	0.09271	0	3.58986	0	0.07047	0	0	1.21818	0	0.25584	0	0.41083	0	0.13829	0	0.05055	0	0	0	0.16781	0	0	0	0	0	0.17782	0	0.17004	0	0	0	0	0	0	0	0	0	0	0	0	1.23713	0	0.06976	0	0	0	0	0	0	0	0.01357	0	0.0183	0.08289	0	0	15.62912	0	0	0	0	0	0.69938	0	0	0.25856	0	0.08189	0
Streptococcus infantarius	50	2	0	0	0	0	0	0	0	0	0	0	0	0	0	0	0	0	0	0	0	0	0	0	0	0	0	0	0	0	0	0	0	0	0	0	0	0	0	0	0	0	0	0	0	0	0.72944	0.78989	0	3.23224	7.50726	5.21637	0	0	0	0	0	0	0	2.40018	0	0	0.14457	0	0.77234	2.10514	0	0	0.43103	0	0	0.31929
Aggregatibacter aphrophilus	50	2	0	0.19778	1.19831	0.13322	0	0	0.57206	0	0	0	0.39264	0	0.26361	0.46117	0	1.05934	0.24115	0.71698	0	0	0	0	0	0.87526	0	0.3061	0	0.69287	0.4724	2.33639	0.27824	0.16018	0	0.26856	0.47783	0	0	0	0.06414	0	0	0.23995	0	0	0.19388	0.19728	0	0	0	0	0	0	0	0.30491	0	0	0.06064	1.70399	0	0	1.34276	0	1.79419	6.19725	0	0	0	0.05076	0	0.19346
Bifidobacterium scardovii	50	2	0	0	0	0	0.62013	0	0	0	0.0668	0	0.06331	0	0	0	0	0	19.14737	0	0	0	0	0	0	0	0	0	0	0	0	0	0	0	0	0	0	0	0	0	0	0.67453	0	0	0	0	0	0	0	0	0	0	0	0	0	0	0	0	0	0	0.8099	0	0	0	0	0	0	0	0	0	0	0
Streptococcus marmotae	50	2	0	0	0	0.20806	0	0	0	0	0	0	0	0	0	0	0	0	0.1048	0	0	0	0	0	0	0	0	0	0	0	0	0	0	0	0	0	0	0	0	0	0	0	0	0	0	0	0.24005	0.27293	1.33688	0.68457	8.10067	3.91041	0.38498	0.30245	0	0.10957	0	0	0.10192	1.64406	0	0	0.39013	0	0.58043	2.38209	0	0	0.11562	0	0	0.1676
Streptococcus agalactiae	50	2	0	0	0.83149	0	0	0	0	0	0	0	0	0	0	0	0	0	0	1.01869	0	0	0	0	0	0	0	0	0	0	0	0	0	0	0	0	0	0	0	0	0	0	0.06759	0	0	0	0.2087	0.25616	0	0.7592	7.04126	3.36712	0.50961	0	0	0	0	0	0.0941	1.21384	0	0	0.16055	0	0.34289	1.98415	0	0	0.11702	0	0	0.14082
Streptococcus mutans	50	2	0	0	0	0	0	0	0	0	0	0	0	0	0	0	0	0	0	0	0	0	0	0	0	0	0	0	0	0	0	0	0	0	0	0	0	0	0	0	0	0	0	0	0	0	0.97234	0	0	0	0	15.89339	0	0	0	0.05081	0	0	0	0.69902	0	0	0	0	0	0	0	0	0	0	0	0
Streptococcus dysgalactiae	50	2	0	0	0	0	0	0	0	0	0	0	0	0	0	0	0	0	0	0	0	0	0	0	0	0	0	0	0	0	0	0	0	0	0	0	0	0	0	0	0	0	0	0	0	0	0.15235	0	0	0	9.07552	3.64999	0.16666	0	0	0	0	0	0	0.91905	0	0	0	0	0.3098	0	0	0	0	0	0	0.11315
Streptobacillus moniliformis	50	2	0	0.35534	0	0.19997	0	0	0	0	0	0	0.17841	0	0.91565	0	0.18341	0.47573	0.09053	0	0	0	0.10191	0	0	0	0	0	0	0	0	0	0.63514	0	0.15567	0	0.91447	0	0.504	0	0	0	0.04423	0	0	0	0.36816	0.35331	0	0.48967	0	0	0	0	0	0	0	0	0	1.69977	0	0	3.17175	0	0.66749	1.30414	0.18921	0	0	0.02417	0	0.87728
Porphyromonas asaccharolytica	50	2	0	0	0.54444	0	0	0	0	0	0	0	0	0	0	0	0	0	0.20203	0	0	0	0	0	0	0.76696	0	0	0.11872	0	0.14249	4.63983	0	0	0	0	0	0	0	0	0	0	0	0	0	0	0.06898	0	0	0	3.62985	0	0	0	0	0.11684	0	0	0	1.30237	0	0	0.67931	0	0.64595	0	0	0	0	0	0	0.30591
Filifactor alocis	50	2	0	0	0	0	0	0	0.22198	0	1.38614	0	0	0	0	0	0	0	0	0	0	0	0	0	0	0	0	0	0	0	0.22233	0	0	0	0	0	0	0	0	0	0	0	0	0	0	0	0	0.3512	10.51117	0	0	0	0	0	0	0	0	0	0	0	0	0	0	0	0.40819	0	0	0	0	0	0	0
Streptococcus parauberis	50	2	0	0	0	0	0	0	0	0	0	0	0	0	0	0	0	0	0	0	0	0	0	0	0	0	0	0	0	0	0	0	0	0	0	0	0	0	0	0	0	0	0	0	0	0	0.21067	0.16698	1.39289	0.55787	5.02383	3.96476	0	0	0	0	0	0	0	0.97799	0	0	0.14915	0	0.39867	0	0	0	0	0	0	0.10072
Moraxella osloensis	50	2	0	0	0	0	2.01574	0.1329	0.21518	1.56731	4.37737	0	0	0	0	0	0	0.17918	0.79559	0	0	0.76504	0.08691	0	0	0	0	0.09159	0	0	0	0	0	0	0	0	0	0	0	0	0	0	0	0	0	0.60402	0.05503	0	0	0.25535	0	0.65333	0.20476	0.11866	0	0.05447	0	0.60091	0.03784	0	0	0	0	0	0	0	0.03198	0	0.07466	0	0	0
Prevotella ruminicola	50	2	0	0	0.26238	0	0	0	0	0	0.19318	0	0	0	0	0	0	0.50237	0.08453	0	0	0.95903	0.04802	0	0	0	0	0	0.06757	0	0.09378	1.11765	0.11298	0.06017	0	0.13232	0	0	0.23295	0.16661	0	0	0	0	0	0	0.09619	0.2591	3.27215	0.3566	2.22739	0	0	0	0	0.13845	0	0	0	1.02225	0	0	0.12891	0	0.1473	0	0	0	0.07357	0	0	0.12794
Porphyromonas gingivalis	50	2	0	0.12103	0.74999	0.24827	0	0	0	0	0	0	0	0	0	0	0	0	0.18764	0	0	0	0	0	0	0	0	0	0.08733	0	0.21362	5.65968	0.32102	0.14475	0	0.23204	0.83512	0	0	0	0	0	0	0	0	0	0.21669	0.22215	0	0	0	0	0	0	0	0.15178	0	0	0	0.49884	0	0	0.95332	0	0.7439	0	0	0	0	0	0	0.21471
Streptococcus halotolerans	50	2	0	0	0	0	0	0	0	0	0	0	0	0	0	0	0	0	0	0	0	0	0	0	0	0	0	0	0	0	0	0	0	0	0	0	0	0	0	0	0	0	0	0	0	0	0	0.16695	0	0.65935	8.55838	0	0	0.0592	0	0	0	0	0	1.01985	0	0	0.12505	0	0.38982	0	0	0	0	0	0	0
Enterococcus faecalis	50	2	0	0	0	0	0.17664	0	0	0	4.97535	0	0	0	0	0	0	0.64613	0	0	0	0	0	0	0	0	0	0.24384	0	0	0	0	0	0	0	0	0	0	0	0	0	0	0	0	0	0	0.07678	0.07207	0	0.50505	2.50531	0	0	0.0571	0	0	0	0	0	0.39493	0	0	0.07638	0	0.11256	0	0	0	0	0	0	0.03967
Staphylococcus saprophyticus	50	2	0	0.3459	0	1.57889	0	0	0	0	0.10626	0	0	0	0	0	0	0	0	0	0	0.33082	0	0	0	0	0	7.24246	0	0	0	0	0	0	0	0	0	0	0	0	0	0	0	0	0	0	0	0	0	0	0	0	0	0	0	0.02841	0	0	0	0	0	0	0	0	0	0	0	0	0	0	0	0
Klebsiella pneumoniae	50	2	0	0	0	0	0	0	0	0	8.80432	0	0	0	0	0	0	0	0	0	0	0	0	0	0	0	0	0	0	0	0	0	0	0	0	0	0	0	0	0	0	0	0	0	0	0	0	0	0	0	0	0	0	0	0	0	0	0	0	0	0	0	0	0	0	0	0	0	0	0	0	0
Lactococcus lactis	50	2	0	0	0	0	0.73754	0	0	0	5.12854	0	0	0	0	0	0	0	0	0	0	0	0	0	0	0	0	0	0	0	0	0	0	0	0	0	0	0	0	0	0	0	0	0.31931	0	0.11821	0.18143	0	0	0.48806	0	0	0	0.05736	0	0	0	0	0	0.55991	0	0	0	0	0.19442	0	0	0	0.40403	0	0	0
Acinetobacter johnsonii	50	2	0	0	0.11142	2.7869	0.48266	0.04186	0	0	1.83071	0	0	0	0.0511	0	0	0.15682	0.58888	0.12038	0	0.15881	0	0	0	0	0	0.13859	0	0	0	0	0	0	0	0	0	0	0	0	0	0	0	0.13451	0	0.49408	0.02286	0	0	0	0	0	0.05386	0.01141	0	0.05328	0.53522	0	0	0.24293	0	0	0	0	0	0	0	0	0.05321	0	0	0
Capnocytophaga ochracea	50	2	0	0	0	0	0	0	0	0	0	0	0	0	0	0	0	0	0	0	0	0	0	0	0	0	0.07116	0	0.05807	0	0.08008	0	0.13339	0	0	0	0	0	0	0	0	0	0	0	0	0	0	0	0	0	0	0	0	0	0	0	0	0	0	0	0	0	6.701	0	0.19211	0	0	0	0	0	0	0
Actinomyces gaoshouyii	50	2	0	0	0	0	0	0	0	0	0	0	0	0	0	0	0	0	0	0	0	0	0	0	0	0	0	0	0	0	0	0	0	0	0	0	0	0	0.24341	0	0	0	0	0	0	0	0	0.13303	2.14119	0.67506	0	0	0	0	0	0	0	0	0.08036	3.1547	0	0	0	0	0	0	0	0	0.17877	0	0	0.15858
Micrococcus luteus	50	2	0	0	0	0.07943	1.95096	0.15687	0.29805	0	0.17559	0	0	0	0	0	0	0.38307	0	0	0	0	0.03344	0	0	0	0	0.16606	0	0	0	0	0	0	0	0	0	0	0.09811	0.13236	0	0	0	0.05939	0	0.07963	0	0	0	0.31367	0	0	0.10049	0.08828	0	0.09334	0.25114	0.82593	0.02614	0.50385	0.62267	0	0	0	0	0	0	0	0.10874	0	0	0
Actinomyces radicidentis	50	2	0	0	0	0	0	0	0	0	0	0	0	0	0	0	0	0	0	0	0	0	0	0	0	0	0	0	0	0	0	0	0	0	0	0	0	0	0.16595	0	0	0	0	0	0	0	0	0.13508	2.93937	0.78773	0	0	0	0	0	0	0	0	0	2.26509	0	0	0	0	0	0	0	0	0.07307	0	0	0.07921
Staphylococcus aureus	50	2	0.056	0	0	0	0	0	0	0	0.30952	0	0	0	0	0	0	0	0	0	0	0	0	0	0	0.95194	0	0	0	0	0	0	0	0	0	0	0	0.49205	0	0	0	0	0	0	0.02418	0	0	0	0	0	0	0	3.16283	0	0	0	0	0	0.03424	0	0	0	0.04026	0.48245	0	0	0	0	0	0	0	0.04481
Prevotella dentalis	50	2	0	0	0	0	0	0	0	0	0	0	0	0	0	0	0	0	0	0	0	0	0	0	0	0	0	0	0	0	0	0	0	0	0	0	0	0	0	0.34883	0	0	0	0	0	0	0	0.25335	2.87382	0.53393	0	0	0	0	0	0	0	0	0	1.23092	0	0	0.19942	0	0	0	0	0	0	0	0	0
Tannerella forsythia	50	2	0	0	0	0	0	0.48287	0	0	0	0	0	0	0	0	0	0	0.15368	0	0	0	0.04868	0	0.06486	0	0	0	0.08237	0	0.07965	0	0	0.06065	0	0	0	0.05739	0.48674	0.43179	0	0	0	0	0	0	0.47726	0.09439	0.96588	0.44421	0	0	0	0	0.01028	0	0	0	0	0.65032	0	0	0.08349	0	0.16891	0	0	0	0	0	0	0.12422
Barnesiella viscericola	50	2	0	0	0.2891	0	0	0	0	0	0	0	0	0	0	0	0	0	0.08025	0	0	0	0	0	0	0	0	0	0.05743	0	0.08563	0	0	0	0	0	0	0	0	0	0	0	0	0	0	0	0	0.07251	0	0	2.56908	0	0	0	0	0.08283	0	0	0	0.42525	0	0	0.24034	0	0.23942	0	0	0	0	0	0	0
Escherichia coli	50	2	0	0	0	0	0.23887	0	0	0	0.15381	0	0.48789	0	0	0	0	0.11858	2.07871	0.07434	0	0	0.02303	0	0	0	0	0.04024	0.02538	0	0	0	0	0	0	0	0	0	0	0	0	0	0	0	0	0.76194	0.01227	0	0	0	0	0	0	0	0	0	0	0	0.0452	0	0	0	0	0	0	0	0	0	0	0	0	0
Corynebacterium argentoratense	50	2	0	0	0	0	0	0	0	0	0	0	0	0	0	0	0	1.34837	0	0	0	0	0	0	0	0	0	0	0	0	0	0	0	0	0	0	0	0	0	0	0	0	0	0	0	0	0	0	0	0.46332	0	0	0	0.05914	0	0	0	0	0	1.57556	0	0	0	0	0	0	0	0	0	0	0	0
Erysipelotrichaceae bacterium	50	2	0	0	0	0	0	0	0	0	0.06644	0	0	0	0	0	0	0	3.35175	0	0	0	0	0	0	0	0	0	0	0	0	0	0	0	0	0	0	0	0	0	0	0	0	0	0	0	0	0	0	0	0	0	0	0	0	0	0	0	0	0	0	0	0	0	0	0	0	0	0	0	0	0
Lactobacillus johnsonii	50	2	0	0	0	0	0	0	0	0	0	0	0	0	0	0	0	0	0	0	0	0	0	0	0	0	0	0	0	0	0	0	0	0	0	0	0	0	0	0	0	0	0	0	0	0	0	0	0	0	0	0	0	0	0	0	0	0	0	0	3.10186	0	0	0	0	0	0	0	0	0	0	0
Neisseria bacilliformis	50	2	0	0	0	0	0	0	0	0	0	0	0	0	0	0	0	0	0	0	0	0	0.8034	0	0	0	0	0	0	0.15788	0	0	0	0	0	0	0	0	0	0	0	0	0	0.25961	0	0	0.09784	0	0	0	0	0	0	0	0	0	0	0	0	0	0	0	0	0	0	1.72758	0	0	0	0	0	0
Streptococcus pyogenes	50	2	0	0	0	0	0	0	0	0	0	0	0	0	0	0	0	0	0	0	0	0	0	0	0	0	0	0	0	0	0	0	0	0	0	0	0	0	0	0	0	0	0	0	0	0	0	0	0	0.55615	0	0	0	0	0	0	0	0	0	2.13348	0	0	0	0	0.28489	0	0	0	0	0	0	0
Bifidobacterium catenulatum	50	2	0	0	0	0	0	0	0	0	0	0	0	0	0	0	0	0	2.78305	0	0	0	0	0	0	0	0	0	0	0	0	0	0	0	0	0	0	0	0	0	0	0	0	0	0	0	0	0	0	0	0	0	0	0	0	0	0	0	0	0	0	0	0	0	0	0	0	0	0	0	0	0
Sebaldella termitidis	50	2	0	0	0	0	0	0	0.06186	0	0	0	0	0	0.13708	0	0	0.13378	0.04564	0	0	0	0	0	0	0	0	0	0	0	0	0	0	0	0	0	0	0	0	0	0	0	0	0	0	0	0	0.12894	0.61227	0	0.91938	0	0	0	0	0	0	0	0	0.57036	0	0	0	0	0.08412	0	0	0	0	0	0	0.03857
Macrococcus caseolyticus	50	2	0	0	0	0	0	0	0	0	2.7296	0	0	0	0	0	0	0	0	0	0	0	0	0	0	0	0	0	0	0	0	0	0	0	0	0	0	0	0	0	0	0	0	0	0	0	0	0	0	0	0	0	0	0	0	0	0	0	0	0	0	0	0	0	0	0	0	0	0	0	0	0
Acinetobacter pittii	50	2	0	0	0	0	0.12968	0	0	0	1.44058	0	0	0	0	0	0	0.24383	0	0	0	0.54434	0	0	0	0	0	0	0	0	0	0	0	0	0	0	0	0	0	0	0	0	0	0	0	0	0	0	0	0	0	0	0	0	0	0	0.35095	0	0	0	0	0	0	0	0	0	0	0	0	0	0	0
Actinomyces oris	50	2	0	0	0	0.22118	0	0	0	0	0	0	0	0	0	0	0	0	0.1083	0	0	0	0	0	0	0	0	0	0	0	0.06265	0	0	0	0	0	0	0	0	0	0	0	0	0.03254	0	0	0.21434	0	0	0.52341	0	0	0	0	0	0	0	0	0	1.11728	0	0	0	0	0	0	0	0	0.05694	0	0	0
Kingella kingae	50	2	0	0.09161	0.86344	0	0	0	0	0	0	0	0	0	0	0	0	0	0	0	0	0	0	0	0	0	0.27167	0.1042	0	0	0	0	0	0	0	0.26082	0	0	0	0	0	0	0	0	0	0	0	0	0	0	0	0	0	0	0	0	0	0	0	0	0	0	0	0	0.69479	0	0	0	0	0	0	0
Streptococcus uberis	50	2	0	0	0	0	0	0	0	0	0	0	0	0	0	0	0	0	0	0	0	0	0	0	0	0	0	0	0	0	0	0	0	0	0	0	0	0	0	0	0	0	0	0	0	0	0	0	0	0.57855	0	0	0	0	0	0	0	0	0	1.0306	0	0	0.1625	0	0.36034	0	0	0	0	0	0	0
Kocuria flava	50	2	0	0	0	0	0	0	0	0	0	0	0	0	0	0	0	0	0	0	0	0	0	0	0	0	0	0	0	0	0	0	0	0	0	0	0	0	0	0	0	0	0	0	0	0	0	0.16187	0	0	0	0	0	0	0	0	0	0.329	0	0	1.62105	0	0	0	0	0	0	0	0	0	0	0
Streptococcus macedonicus	50	2	0	0	0	0	0	0	0	0	0	0	0	0	0	0	0	0	0	0	0	0	0	0	0	0	0	0	0	0	0	0	0	0	0	0	0	0	0	0	0	0	0	0	0	0	0.31298	0	0	0	0	0	0	0	0	0.20371	0	0	0	1.31919	0	0	0	0	0.26305	0	0	0	0	0	0	0
Bacteroides salanitronis	50	2	0	0	0.18535	0	0	0	0	0	0.11102	0	0	0	0	0	0	0.33248	0	0	0	0	0	0	0	0	0	0	0	0	0	0	0	0	0	0	0	0	0	0.25948	0	0	0	0	0	0	0	0.3179	0.37044	0	0	0	0	0	0	0	0	0	0	0	0	0	0.15244	0	0.09273	0	0	0	0	0	0	0
Bifidobacterium kashiwanohense	50	2	0	0	0	0	0	0	0	0	0	0	0	0	0	0	0	0	1.70239	0	0	0	0	0	0	0	0	0.0676	0	0	0	0	0	0	0	0	0	0	0	0	0	0	0	0	0	0	0	0	0	0	0	0	0	0	0	0	0	0	0	0	0	0	0	0	0	0	0	0	0	0	0	0
Corynebacterium kroppenstedtii	50	2	0	0	0	0	0	0	0	0	0	0	0	0	0	0	0	0	0	0	0	0	0	0	0	0	0	0	0	0	0	0	0	0	0	0	0	0	0	0	0	0	0	0	0	0	0	0	0	0	0	1.59814	0	0	0	0	0	0	0	0	0	0	0	0	0	0	0	0	0	0	0	0
Actinomyces naeslundii	50	2	0	0	0	0.16802	0	0	0	0	0	0	0	0	0	0	0	0	0.09092	0	0	0	0	0	0	0	0	0	0	0	0.04588	0	0	0	0	0	0	0	0	0	0	0	0	0	0	0	0.17388	0	0	0.259	0	0	0	0	0	0	0	0	0	0.73193	0	0	0	0	0	0	0	0	0.04437	0	0	0
Corynebacterium variabile	50	2	0	0	0	0	0.39018	0.07422	0	0	1.04767	0	0	0	0	0	0	0	0	0	0	0	0	0	0	0	0	0	0	0	0	0	0	0	0	0	0	0	0	0	0	0	0	0	0	0	0	0	0	0	0	0	0	0	0	0	0	0	0	0	0	0	0	0	0	0	0	0	0	0	0	0
Carnobacterium divergens	50	2	0	0	0	0	0	0	0	0	0	0	0	0	0	0	0	0	0	0	0	0	0	0	0	0	0	0	0	0	0	0	0	0	0	0	0	0	0	0	0	0	0	0	0	0	0.09899	0.0851	0	0.59623	0	0	0	0.0554	0	0	0	0	0	0.4867	0	0	0	0	0.16333	0	0	0	0	0	0	0
Streptococcus equi	50	2	0	0	0	0	0	0	0	0	0	0	0	0	0	0	0	0	0	0	0	0	0	0	0	0	0	0	0	0	0	0	0	0	0	0	0	0	0	0	0	0	0	0	0	0	0	0.18745	0	0	0	0	0	0	0	0	0	0	0	0.98021	0	0	0	0	0.29222	0	0	0	0	0	0	0
Odoribacter splanchnicus	50	2	0	0	0	0	0	0	0	0	0	0	0	0	0	0	0	0	0	0	0	0	0	0	0	0	0	0	0	0	0	0	0	0	0	0	0	0	0	0	0	0	0	0	0	0	0	0.14263	1.29074	0	0	0	0	0	0	0	0	0	0	0	0	0	0	0	0	0	0	0	0	0	0	0
Corynebacterium callunae	50	2	0	0	0	0	0	0	0	0	0	0	0	0	0	0	0	1.42288	0	0	0	0	0	0	0	0	0	0	0	0	0	0	0	0	0	0	0	0	0	0	0	0	0	0	0	0	0	0	0	0	0	0	0	0	0	0	0	0	0	0	0	0	0	0	0	0	0	0	0	0	0	0
Parabacteroides distasonis	50	2	0	0	0	0	0	0	0	0	0.13615	0	0	0	0	0	0	0	0	0	0	0	0	0	0	0	0	0	0.15748	0	0	1.01409	0	0	0	0	0	0	0	0	0	0	0	0	0	0	0	0	0	0	0	0	0	0	0	0	0	0	0	0	0	0	0.05498	0	0.05639	0	0	0	0	0	0	0
Mycoplasma hominis	50	2	0	0	0	0	0	0	0	0	0	0	0	0	0	0	0	0	0	0	0	0	0	0	0	0	0	0	0	0	1.37419	0	0	0	0	0	0	0	0	0	0	0	0	0	0	0	0	0	0	0	0	0	0	0	0	0	0	0	0	0	0	0	0	0	0	0	0	0	0	0	0	0
Roseburia hominis	50	2	0	0	0	0	0	0	0	0	0.13182	0	0	0	0	0	0	0	0.10188	0	0	0	0	0	0	0	0	0	0	0	0	0	0	0	0	0	0	0	0	0	0	0.02464	0	0	0	0	0	0	0.67818	0	0	0	0	0	0	0	0	0	0	0.3747	0	0	0	0	0	0	0	0	0	0	0	0
Riemerella anatipestifer	50	2	0	0	0	0	0	0	0	0	0	0	0	0	0	0.94921	0	0	0	0	0	0	0	0	0	0	0	0	0	0	0	0	0	0	0	0	0	0	0	0	0	0	0	0	0	0	0	0	0	0	0	0	0	0	0	0	0	0	0	0	0	0	0.1271	0	0.11835	0	0	0	0	0	0	0.09106
Aggregatibacter actinomycetemcomitans	50	2	0	0	0	0	0	0	0	0	0	0	0	0	0.25643	0	0	0	0	0	0	0	0	0	0	0	0	0	0	0	0.17296	0	0	0	0	0	0	0	0	0	0	0	0	0	0	0	0	0	0	0	0	0	0	0	0	0	0	0	0	0	0	0	0.22356	0	0.49865	0	0	0	0	0	0	0.13285
Faecalibacterium prausnitzii	50	2	0	0	0	0	0	0	0	0	0.89706	0	0	0	0	0	0	0	0	0	0	0	0	0	0	0	0	0.11174	0.22966	0	0	0	0	0	0	0	0	0	0	0	0	0	0	0	0	0	0	0	0	0	0	0	0	0	0	0	0	0	0	0	0	0	0	0	0	0	0	0	0	0	0	0
Streptococcus troglodytae	50	2	0	0	0	0	0	0	0	0	0	0	0	0	0	0	0	0	0	0	0	0	0	0	0	0	0	0	0	0	0	0	0	0	0	0	0	0	0	0	0	0	0	0	0	0	0.34378	0	0	0	0	0	0	0	0	0	0	0	0	0.88187	0	0	0	0	0	0	0	0	0	0	0	0
Staphylococcus capitis	50	2	0	0	0	0	0	0	0	0	0.25703	0	0	0	0	0	0	0	0	0	0	0	0	0	0	0	0	0	0	0	0	0	0	0	0	0	0	0	0	0	0	0	0	0	0	0.10538	0	0	0	0	0	0	0	0	0	0.03652	0	0	0	0	0.74959	0	0	0	0	0	0	0	0	0	0	0
Mannheimia varigena	50	2	0	0	0	0	0	0	0.28498	0	0	0	0	0	0	0	0	0	0	0	0	0	0	0	0	0	0	0	0	0	0	0	0	0	0	0	0	0	0	0	0	0	0	0	0	0	0	0	0	0	0	0	0	0	0	0	0	0	0	0	0	0	0.16932	0	0.66104	0	0	0	0	0	0	0
Mannheimia haemolytica	50	2	0	0	0	0	0	0	0.34746	0	0	0	0	0	0	0	0	0	0	0	0	0	0	0	0	0	0	0	0	0	0	0	0	0	0	0	0	0	0	0	0	0	0	0	0	0	0	0	0	0	0	0	0	0	0	0	0	0	0	0	0	0	0.17477	0	0.55431	0	0	0	0	0	0	0
Actinobacillus pleuropneumoniae	50	2	0	0	0	0	0	0	0.24126	0	0	0	0	0	0	0	0	0	0	0	0	0	0	0	0	0	0	0	0	0	0	0	0	0	0	0	0	0	0	0	0	0	0	0	0	0	0	0	0	0	0	0	0	0	0	0	0	0	0	0	0	0	0.20423	0	0.58216	0	0	0	0	0	0	0
Blautia hansenii	50	2	0	0	0	0	0	0	0	0	0	0	0	0	0	0	0	0	0.06578	0	0	0	0	0	0	0	0	0.07455	0	0	0	0	0	0	0	0	0	0	0	0	0	0	0	0	0	0	0	0.06619	0.81288	0	0	0	0	0	0	0	0	0	0	0	0	0	0	0	0	0	0	0	0	0	0	0
Xanthomonas campestris	50	2	0	0	0.05333	0	0	0	0	0	0.06235	0	0	0	0	0	0	0	0	0.13942	0	0	0	0	0	0	0	0	0	0	0	0	0	0	0	0	0	0	0.07559	0	0	0	0	0.07599	0	0.05271	0.01675	0	0	0	0	0	0.0888	0.00779	0	0	0	0	0	0.36657	0	0	0	0.01704	0	0	0	0	0	0	0	0.03157
Tropheryma whipplei	50	2	0	0	0	0	0	0	0	0	0	0	0	0	0	0	0	0	0	0	0	0	0	0	0	0	0	0	0	0	0	0	0	0	0	0	0	0	0	0	0	0	0	0	0	0	0	0	0	0	0	0	0	0	0	0	0	0	0	0	0	0.95472	0	0	0	0	0	0	0	0	0	0
Bibersteinia trehalosi	50	2	0	0	0	0	0	0	0.26488	0	0	0	0	0	0	0	0	0	0	0	0	0	0	0	0	0	0	0	0	0	0	0	0	0	0	0	0	0	0	0	0	0	0	0	0	0	0	0	0	0	0	0	0	0	0	0	0	0	0	0	0	0	0.15875	0	0.52737	0	0	0	0	0	0	0
Bacteroides cellulosilyticus	50	2	0	0	0.09037	0	0	0	0	0	0	0	0	0	0	0	0.01912	0.10704	0	0	0	0	0.01283	0	0	0	0	0	0	0	0	0	0	0	0	0.02364	0	0	0	0	0	0	0	0	0	0	0.02004	0.03647	0.34543	0.06518	0	0	0	0	0	0.03269	0	0	0	0.1158	0	0	0.02955	0	0.02853	0	0	0	0	0	0	0.023
Acinetobacter junii	50	2	0	0	0	0	0	0	0	0	0.06826	0	0	0	0	0	0	0	0	0	0	0	0	0	0	0	0	0	0	0	0	0	0	0	0	0	0	0	0	0	0	0	0	0.02863	0	0.05479	0.04726	0	0	0	0	0	0	0	0.01142	0	0.09858	0	0	0	0.41083	0	0	0	0	0	0.19125	0	0	0	0	0
Staphylococcus haemolyticus	50	2	0	0	0	0	0.58062	0	0	0	0.32346	0	0	0	0	0	0	0	0	0	0	0	0	0	0	0	0	0	0	0	0	0	0	0	0	0	0	0	0	0	0	0	0	0	0	0	0	0	0	0	0	0	0	0	0	0	0	0	0	0	0	0	0	0	0	0	0	0	0	0	0	0
Streptococcus pasteurianus	50	2	0	0	0	0	0	0	0	0	0	0	0	0	0	0	0	0	0	0	0	0	0	0	0	0	0	0	0	0	0	0	0	0	0	0	0	0	0	0	0	0	0	0	0	0	0	0	0	0	0	0	0.17012	0	0	0	0	0	0	0	0	0	0.72855	0	0	0	0	0	0	0	0	0
Bacteroides helcogenes	50	2	0	0	0	0	0	0	0	0	0	0	0	0	0	0	0	0	0	0	0	0	0	0	0	0	0	0	0	0	0	0	0	0	0	0	0.77455	0	0	0	0	0	0	0	0	0	0	0	0	0	0	0	0	0	0	0.07061	0	0	0	0	0	0	0	0	0	0	0	0	0	0	0	0.04347
Carnobacterium maltaromaticum	50	2	0	0	0	0	0	0	0	0	0	0	0	0	0	0	0	0	0	0	0	0	0	0	0	0	0	0	0	0	0	0	0	0	0	0	0	0	0	0	0	0	0	0	0	0	0	0.05145	0	0.23275	0	0	0	0.07022	0	0.06462	0	0	0	0.25267	0	0	0.06705	0	0.10146	0	0	0	0	0	0	0.02641
Sneathia amnii	50	2	0	0	0	0	0	0	0	0	0	0	0	0	0	0	0	0	0	0	0	0	0	0	0	0	0	0	0	0	0	0	0	0	0	0	0	0	0	0	0	0	0	0	0	0	0	0	0	0	0	0	0	0	0	0	0	0	0	0	0	0	0.65614	0	0	0	0	0	0	0	0	0.20061
Lactobacillus sakei	50	2	0	0	0	0	0.68983	0	0	0	0	0	0	0	0	0	0	0	0.13832	0	0	0	0	0	0	0	0	0	0	0	0	0	0	0	0	0	0	0	0	0	0	0	0	0	0	0	0	0	0	0	0	0	0	0	0	0	0	0	0	0	0	0	0	0	0	0	0	0	0	0	0	0
Bacteroides ovatus	50	2	0	0	0	0	0	0	0	0	0.19938	0	0	0	0	0	0	0	0	0	0	0	0	0	0	0	0	0.55923	0.04936	0	0	0	0	0	0	0	0	0	0	0	0	0	0	0	0	0	0	0	0	0	0	0	0	0	0	0	0	0	0	0	0	0	0	0	0	0	0	0	0	0	0	0
Staphylococcus xylosus	50	2	0	0	0	0	0	0	0	0	0.11329	0	0	0	0	0	0	0	0	0	0	0	0	0	0	0	0	0.61412	0	0	0	0	0	0	0	0	0	0	0	0	0	0	0	0	0	0	0	0	0	0	0	0	0	0	0	0.03275	0	0	0	0	0	0	0	0	0	0	0	0	0	0	0	0
Pasteurella multocida	50	2	0	0	0	0	0	0	0	0	0	0	0	0	0	0	0	0	0	0	0	0	0	0	0	0	0	0	0	0	0	0	0	0	0	0	0	0	0	0	0	0	0	0	0	0	0	0	0	0	0	0	0	0	0	0.09556	0	0	0	0	0	0	0.19562	0	0.46454	0	0	0	0	0	0	0
Collinsella aerofaciens	50	2	0	0	0	0	0	0	0	0	0.1702	0	0	0	0	0	0	0	0	0	0	0	0	0	0	0	0	0.45142	0.09523	0	0	0	0	0	0	0	0	0	0	0	0	0	0	0	0	0	0	0	0	0	0	0	0	0	0	0	0	0	0	0	0	0	0	0	0	0	0	0	0	0	0	0
Paracoccus yeei	50	2	0	0	0	0	0.26104	0	0	0	0.18085	0	0	0	0	0	0	0	0	0	0	0	0	0	0	0	0	0.05579	0	0	0	0	0	0	0	0	0.07293	0	0	0	0	0	0	0	0	0	0	0	0	0	0	0	0	0.02239	0	0.01772	0	0.06283	0	0	0	0	0	0	0	0	0	0	0	0	0	0
Streptococcus pantholopis	50	2	0	0	0	0	0	0	0	0	0	0	0	0	0	0	0	0	0	0	0	0	0	0	0	0	0	0	0	0	0	0	0	0	0	0	0	0	0	0	0	0	0	0	0	0	0	0	0	0	0	0	0	0	0	0	0	0	0	0.66513	0	0	0	0	0	0	0	0	0	0	0	0
Leuconostoc mesenteroides	50	2	0	0	0	0	0	0	0	0	0.64994	0	0	0	0	0	0	0	0	0	0	0	0	0	0	0	0	0	0	0	0	0	0	0	0	0	0	0	0	0	0	0	0	0	0	0	0	0	0	0	0	0	0	0	0	0	0	0	0	0	0	0	0	0	0	0	0	0	0	0	0	0
Eggerthella lenta	50	2	0	0	0	0	0.43695	0	0	0	0	0	0	0	0	0	0	0	0.16277	0	0	0	0	0	0	0	0	0	0	0	0	0	0	0	0	0	0	0	0	0	0	0.03328	0	0	0	0	0	0	0	0	0	0	0	0	0	0	0	0	0	0	0	0	0	0	0	0	0	0	0	0	0	0
Bifidobacterium bifidum	50	2	0	0	0	0	0	0.07505	0	0	0.34217	0	0	0	0	0	0	0	0	0	0	0	0	0	0	0	0	0	0	0	0	0	0	0	0	0	0.20955	0	0	0	0	0	0	0	0	0	0	0	0	0	0	0	0	0	0	0	0	0	0	0	0	0	0	0	0	0	0	0	0	0	0	0
Bacteroides fragilis	50	2	0	0	0	0	0	0	0	0	0	0	0	0	0	0	0	0.12361	0.02069	0	0	0	0	0	0	0	0	0	0	0	0	0	0	0	0	0	0	0	0	0	0	0	0	0	0	0	0.03557	0	0	0.12229	0	0	0	0	0	0	0	0	0	0.19611	0	0	0.04046	0	0.03933	0	0	0	0	0	0	0.03474
Aerococcus viridans	50	2	0	0	0	0.60729	0	0	0	0	0	0	0	0	0	0	0	0	0	0	0	0	0	0	0	0	0	0	0	0	0	0	0	0	0	0	0	0	0	0	0	0	0	0	0	0	0	0	0	0	0	0	0	0	0	0	0	0	0	0	0	0	0	0	0	0	0	0	0	0	0	0
Kocuria palustris	50	2	0	0	0	0	0	0	0	0	0.11259	0	0	0	0	0	0	0	0	0	0	0	0	0	0	0	0	0	0	0	0	0	0.05561	0	0	0	0	0	0	0	0	0	0	0	0	0	0	0	0	0	0	0	0	0	0	0	0	0	0	0.38324	0	0	0	0	0	0	0	0	0	0	0	0
Actinobacillus equuli	50	2	0	0	0	0	0	0	0	0	0	0	0	0	0	0	0	0	0	0	0	0	0	0	0	0	0	0	0	0	0	0	0	0	0	0	0	0	0	0	0	0	0	0	0	0	0	0	0	0	0	0	0	0	0	0	0	0	0	0	0	0	0.09509	0	0.4391	0	0	0	0	0	0	0
Eubacterium maltosivorans	50	2	0	0	0	0	0	0	0	0	0	0	0	0	0	0	0	0	0.03062	0	0	0	0	0	0	0	0	0	0.07388	0	0	0	0	0	0	0.0523	0	0	0	0	0	0	0	0	0	0	0	0	0	0	0	0	0	0	0	0	0	0	0	0.35729	0	0	0	0	0	0	0	0	0	0	0	0
Carnobacterium inhibens	50	2	0	0	0	0	0	0	0	0	0	0	0	0	0	0	0	0	0	0	0	0	0	0	0	0	0	0	0	0	0	0	0	0	0	0	0	0	0	0	0	0	0	0	0	0	0	0	0	0.48798	0	0	0	0	0	0	0	0	0	0	0	0	0	0	0	0	0	0	0	0	0	0
Megasphaera elsdenii	50	2	0	0	0	0	0	0	0	0	0	0	0	0	0	0	0	0	0.24787	0	0	0	0	0	0	0	0	0	0	0	0	0	0	0	0	0	0	0	0	0	0	0	0	0	0	0	0	0	0	0.20096	0	0	0	0	0	0	0	0	0	0	0	0	0	0	0	0	0	0	0	0	0	0
Enterococcus faecium	50	2	0	0	0	0	0	0	0	0	0	0	0.29398	0	0	0	0	0	0	0	0	0	0	0	0	0	0	0	0.12728	0	0	0	0	0	0	0	0	0	0	0	0	0	0	0	0	0	0	0	0	0	0	0	0	0	0	0	0	0	0	0	0	0	0	0	0	0	0	0	0	0	0	0
Vagococcus teuberi	50	2	0	0	0	0	0	0	0	0	0	0	0	0	0	0	0	0	0	0	0	0	0	0	0	0	0	0	0	0	0	0	0	0	0	0	0	0	0	0	0	0	0	0	0	0	0	0.11739	0	0	0	0	0	0	0	0	0	0	0	0	0	0	0.1114	0	0.19077	0	0	0	0	0	0	0
Pantoea agglomerans	50	2	0	0	0	0	0	0	0	0	0	0	0	0	0	0	0	0	0	0	0	0	0	0	0	0	0	0	0	0	0	0	0	0	0	0	0	0	0	0	0	0	0	0	0	0	0	0	0	0	0	0	0.41771	0	0	0	0	0	0	0	0	0	0	0	0	0	0	0	0	0	0	0
Corynebacterium ureicelerivorans	50	2	0	0	0	0	0.4147	0	0	0	0	0	0	0	0	0	0	0	0	0	0	0	0	0	0	0	0	0	0	0	0	0	0	0	0	0	0	0	0	0	0	0	0	0	0	0	0	0	0	0	0	0	0	0	0	0	0	0	0	0	0	0	0	0	0	0	0	0	0	0	0	0
Bifidobacterium adolescentis	50	2	0	0	0	0	0	0	0	0	0.17141	0	0	0	0	0	0	0	0	0	0	0	0	0	0	0	0	0	0	0	0	0	0	0	0	0	0	0	0	0.23825	0	0	0	0	0	0	0	0	0	0	0	0	0	0	0	0	0	0	0	0	0	0	0	0	0	0	0	0	0	0	0	0
Lactobacillus rhamnosus	50	2	0	0	0	0	0.37458	0	0	0	0	0	0	0	0	0	0	0	0	0	0	0	0	0	0	0	0	0	0	0	0	0	0	0	0	0	0	0	0	0	0	0.03412	0	0	0	0	0	0	0	0	0	0	0	0	0	0	0	0	0	0	0	0	0	0	0	0	0	0	0	0	0	0
Lactococcus raffinolactis	50	2	0	0	0	0	0	0	0	0	0.29431	0	0	0	0	0	0	0	0	0	0	0	0	0	0	0	0	0	0	0	0	0	0	0	0	0	0	0	0	0	0	0	0	0	0	0	0.11034	0	0	0	0	0	0	0	0	0	0	0	0	0	0	0	0	0	0	0	0	0	0	0	0	0
Kocuria rhizophila	50	2	0	0	0	0	0	0	0	0	0.1055	0	0	0	0	0	0	0	0	0	0	0	0	0	0	0	0	0	0	0	0	0	0	0	0	0	0.13691	0	0	0	0	0	0	0	0	0	0	0.1271	0	0	0	0	0	0.03452	0	0	0	0	0	0	0	0	0	0	0	0	0	0	0	0	0	0
Flavonifractor plautii	50	2	0	0	0	0	0	0	0	0	0.05333	0	0.22169	0	0	0	0	0	0.03581	0	0	0	0	0	0	0	0	0.04234	0	0	0	0	0	0	0	0	0	0	0	0	0	0.04607	0	0	0	0	0	0	0	0	0	0	0	0	0	0	0	0	0	0	0	0	0	0	0	0	0	0	0	0	0	0
Chryseobacterium indologenes	50	2	0	0	0	0	0	0	0	0	0	0	0	0	0	0	0	0.3943	0	0	0	0	0	0	0	0	0	0	0	0	0	0	0	0	0	0	0	0	0	0	0	0	0	0	0	0	0	0	0	0	0	0	0	0	0	0	0	0	0	0	0	0	0	0	0	0	0	0	0	0	0	0
Dermacoccus nishinomiyaensis	50	2	0	0	0	0	0	0.04541	0	0	0	0	0	0	0	0	0	0	0	0	0	0	0	0	0	0	0	0	0	0	0	0	0	0	0	0	0	0	0	0	0	0	0	0	0	0	0	0	0	0	0	0	0	0	0	0.02058	0	0	0	0.28503	0	0	0	0	0	0	0	0	0.04196	0	0	0
Mannheimia succiniciproducens	50	2	0	0	0	0	0	0	0	0	0	0	0	0	0	0	0	0	0	0	0	0	0	0	0	0	0	0	0	0	0	0	0	0	0	0	0	0	0	0	0	0	0	0	0	0	0	0	0	0	0	0	0	0	0	0	0	0	0	0	0	0	0.14718	0	0.23626	0	0	0	0	0	0	0
Lactobacillus curvatus	50	2	0	0	0	0	0	0	0	0	0.36494	0	0	0	0	0	0	0	0	0	0	0	0	0	0	0	0	0	0	0	0	0	0	0	0	0	0	0	0	0	0	0	0	0	0	0	0	0	0	0	0	0	0	0	0	0	0	0	0	0	0	0	0	0	0	0	0	0	0	0	0	0
Fusobacterium varium	50	2	0	0	0	0	0	0	0	0	0	0	0	0	0	0	0	0	0	0	0	0	0	0	0	0	0	0	0	0	0	0	0	0	0	0	0	0	0	0	0	0	0	0	0	0	0	0	0	0	0	0	0	0	0	0	0	0	0	0.20286	0	0	0.04439	0	0.05645	0	0	0	0	0	0	0.04213
Gallibacterium anatis	50	2	0	0	0	0	0	0	0	0	0	0	0	0	0	0	0	0	0	0	0	0	0	0	0	0	0	0	0	0	0	0	0	0	0	0	0	0	0	0	0	0	0	0	0	0	0	0	0	0	0	0	0	0	0	0	0	0	0	0	0	0	0.11627	0	0.18982	0	0	0	0	0	0	0
Bacteroides vulgatus	50	2	0	0	0	0	0	0	0	0	0.27988	0	0	0	0	0	0	0	0	0	0	0	0	0	0	0	0	0	0	0	0	0	0	0	0	0	0	0	0	0	0	0	0	0.02163	0	0	0	0	0	0	0	0	0	0	0	0	0	0	0	0	0	0	0	0	0	0	0	0	0	0	0	0
Cutibacterium avidum	50	2	0	0	0	0	0	0	0	0	0.18161	0	0	0	0	0	0	0	0	0	0	0	0	0	0	0	0	0	0.03912	0	0	0	0	0	0	0	0	0	0	0	0	0	0	0	0	0.08043	0	0	0	0	0	0	0	0	0	0	0	0	0	0	0	0	0	0	0	0	0	0	0	0	0	0
Stenotrophomonas maltophilia	50	2	0	0	0	0	0	0	0	0	0.05417	0	0	0	0	0	0	0	0	0	0	0	0	0	0	0	0	0.09477	0	0	0	0	0	0	0	0	0.14439	0	0	0	0	0	0	0	0	0	0	0	0	0	0	0	0	0	0	0	0	0	0	0	0	0	0	0	0	0	0	0	0	0	0	0
Parvimonas micra	50	2	0	0	0	0	0	0.17101	0	0	0	0	0	0	0	0	0	0	0	0	0	0	0	0	0	0	0	0	0.0859	0	0	0	0	0	0	0	0	0	0	0	0	0	0	0	0	0	0	0	0	0	0	0	0	0	0.03272	0	0	0	0	0	0	0	0	0	0	0	0	0	0	0	0	0
Candida albicans	50	2	0	0	0	0	0	0	0	0	0	0.068692	0	0	0	0	0	0	0	0	0	0	0	0	0	0	0	0	0	0	0	0	0	0	0	0	0	0	0.207666	0	0	0	0	0	0	0	0	0	0	0	0	0	0	0	0	0	0	0	0	0	0	0	0	0	0	0	0	0	0	0	0	0
Sphingobium yanoikuyae	50	2	0	0	0	0	0	0	0	0	0.04291	0	0	0	0	0	0	0	0	0	0	0	0.09912	0	0	0.12829	0	0	0	0	0	0	0	0	0	0	0	0	0	0	0	0	0	0	0	0	0	0	0	0	0	0	0	0	0	0	0	0	0	0	0	0	0	0	0	0	0	0	0	0	0	0
Bifidobacterium dentium	50	2	0	0	0	0	0	0	0	0	0	0	0.07522	0	0	0	0	0.14846	0	0	0	0	0	0	0	0	0	0	0	0	0	0	0	0	0	0	0	0	0	0	0	0.03848	0	0	0	0	0	0	0	0	0	0	0	0	0	0	0	0	0	0	0	0	0	0	0	0	0	0	0	0	0	0
Klebsiella variicola	50	2	0	0	0	0	0	0	0	0	0.25529	0	0	0	0	0	0	0	0	0	0	0	0	0	0	0	0	0	0	0	0	0	0	0	0	0	0	0	0	0	0	0	0	0	0	0	0	0	0	0	0	0	0	0	0	0	0	0	0	0	0	0	0	0	0	0	0	0	0	0	0	0
Leclercia adecarboxylata	50	2	0	0	0	0	0	0	0	0	0.25178	0	0	0	0	0	0	0	0	0	0	0	0	0	0	0	0	0	0	0	0	0	0	0	0	0	0	0	0	0	0	0	0	0	0	0	0	0	0	0	0	0	0	0	0	0	0	0	0	0	0	0	0	0	0	0	0	0	0	0	0	0
Pseudomonas koreensis	50	2	0	0	0	0	0	0	0	0	0	0	0	0	0	0	0	0	0	0	0	0	0	0	0	0	0	0	0	0	0	0	0	0	0	0	0	0	0	0	0	0	0	0	0	0	0	0	0	0	0	0	0	0	0	0	0	0	0	0	0	0	0	0	0	0.23416	0	0	0	0	0	0
Escherichia fergusonii	50	2	0	0	0	0	0	0	0	0	0	0	0	0	0	0	0	0	0.16379	0	0	0	0	0	0	0	0	0	0	0	0	0	0	0	0	0	0	0	0	0	0	0	0	0	0	0.06752	0	0	0	0	0	0	0	0	0	0	0	0	0	0	0	0	0	0	0	0	0	0	0	0	0	0
Citrobacter koseri	50	2	0	0	0	0	0	0	0	0	0	0	0	0	0	0	0	0	0.05398	0	0	0.17487	0	0	0	0	0	0	0	0	0	0	0	0	0	0	0	0	0	0	0	0	0	0	0	0	0	0	0	0	0	0	0	0	0	0	0	0	0	0	0	0	0	0	0	0	0	0	0	0	0	0
Chryseobacterium gallinarum	50	2	0	0	0	0	0	0	0	0	0	0	0	0	0	0	0	0.21909	0	0	0	0	0	0	0	0	0	0	0	0	0	0	0	0	0	0	0	0	0	0	0	0	0	0	0	0	0	0	0	0	0	0	0	0	0	0	0	0	0	0	0	0	0	0	0	0	0	0	0	0	0	0
Akkermansia muciniphila	50	2	0	0	0	0	0	0	0	0	0	0	0	0	0	0	0	0	0	0	0	0	0	0	0	0	0	0	0.21621	0	0	0	0	0	0	0	0	0	0	0	0	0	0	0	0	0	0	0	0	0	0	0	0	0	0	0	0	0	0	0	0	0	0	0	0	0	0	0	0	0	0	0
Treponema denticola	50	2	0	0	0	0	0	0	0	0	0	0	0	0	0	0	0	0	0	0	0	0	0.21433	0	0	0	0	0	0	0	0	0	0	0	0	0	0	0	0	0	0	0	0	0	0	0	0	0	0	0	0	0	0	0	0	0	0	0	0	0	0	0	0	0	0	0	0	0	0	0	0	0
Pseudomonas aeruginosa	50	2	0	0	0	0	0	0	0	0	0	0	0	0	0	0	0	0	0	0	0	0	0	0	0	0	0	0	0	0	0	0	0	0	0	0	0	0	0	0	0	0	0	0	0	0	0	0	0	0.05009	0	0	0	0.06602	0	0	0.09514	0	0	0	0	0	0	0	0	0	0	0	0	0	0	0
Enterococcus durans	50	2	0	0	0	0	0	0	0	0	0	0	0	0	0	0	0	0	0	0	0	0	0	0	0	0	0	0	0	0	0	0	0	0	0	0	0	0	0	0	0	0	0	0	0	0	0	0	0	0	0	0	0	0	0	0	0	0	0	0	0	0	0	0	0.20679	0	0	0	0	0	0	0
Rhodococcus erythropolis	50	2	0	0	0	0	0	0	0	0	0	0	0	0	0	0	0	0	0	0	0	0	0	0	0	0	0	0	0	0	0	0	0	0	0	0	0	0	0	0	0	0	0	0	0	0	0	0	0	0	0	0	0	0.00576	0	0	0	0	0	0	0	0	0	0	0	0.20026	0	0	0	0	0	0
Bacteroides caccae	50	2	0	0	0	0	0	0	0	0	0	0	0	0	0	0	0	0	0	0	0	0	0	0	0	0	0	0	0	0	0	0	0	0	0	0	0	0	0	0	0	0.19456	0	0	0	0	0	0	0	0	0	0	0	0	0	0	0	0	0	0	0	0	0	0	0	0	0	0	0	0	0	0
Selenomonas sputigena	50	2	0	0	0	0	0	0	0	0	0	0	0	0	0	0	0	0	0	0	0	0	0	0	0	0	0	0	0.03965	0	0	0	0	0	0	0	0	0	0	0	0	0	0	0	0	0	0	0.08834	0	0	0	0	0	0	0	0	0	0	0	0	0	0	0	0	0	0	0	0	0.05972	0	0	0
Staphylococcus equorum	50	2	0	0	0	0	0	0	0	0	0.1843	0	0	0	0	0	0	0	0	0	0	0	0	0	0	0	0	0	0	0	0	0	0	0	0	0	0	0	0	0	0	0	0	0	0	0	0	0	0	0	0	0	0	0	0	0	0	0	0	0	0	0	0	0	0	0	0	0	0	0	0	0
Weissella soli	50	2	0	0	0	0	0	0	0	0	0	0	0	0	0	0	0	0	0	0	0	0	0	0	0	0	0	0	0	0	0	0	0	0	0	0	0	0	0	0	0	0	0	0	0	0.18167	0	0	0	0	0	0	0	0	0	0	0	0	0	0	0	0	0	0	0	0	0	0	0	0	0	0
Glaesserella parasuis	50	2	0	0	0	0	0	0	0	0	0	0	0	0	0	0	0	0	0	0	0	0	0	0	0	0	0	0	0	0	0	0	0	0	0	0	0	0	0	0	0	0	0	0	0	0	0	0	0	0	0	0	0	0	0	0	0	0	0	0	0	0	0	0	0.17593	0	0	0	0	0	0	0
Lachnoclostridium phytofermentans	50	2	0	0	0	0	0	0	0	0	0	0	0	0	0	0	0	0	0	0	0	0	0	0	0	0	0	0	0	0	0	0	0	0	0	0	0	0	0	0	0	0	0	0	0	0	0	0	0	0	0	0	0	0	0	0	0	0	0	0.17589	0	0	0	0	0	0	0	0	0	0	0	0
Capnocytophaga haemolytica	50	2	0	0	0	0	0	0	0	0	0	0	0	0	0	0	0	0	0	0	0	0	0	0	0	0	0	0	0	0	0	0	0	0	0	0	0	0	0	0	0	0	0	0	0	0	0	0	0	0	0	0	0	0	0	0	0	0	0	0	0	0	0.17395	0	0	0	0	0	0	0	0	0
Brevundimonas vesicularis	50	2	0	0	0	0	0.17159	0	0	0	0	0	0	0	0	0	0	0	0	0	0	0	0	0	0	0	0	0	0	0	0	0	0	0	0	0	0	0	0	0	0	0	0	0	0	0	0	0	0	0	0	0	0	0	0	0	0	0	0	0	0	0	0	0	0	0	0	0	0	0	0	0
Klebsiella quasivariicola	50	2	0	0	0	0	0	0	0	0	0.16695	0	0	0	0	0	0	0	0	0	0	0	0	0	0	0	0	0	0	0	0	0	0	0	0	0	0	0	0	0	0	0	0	0	0	0	0	0	0	0	0	0	0	0	0	0	0	0	0	0	0	0	0	0	0	0	0	0	0	0	0	0
Escherichia marmotae	50	2	0	0	0	0	0	0	0	0	0	0	0	0	0	0	0	0	0.15458	0	0	0	0	0	0	0	0	0	0	0	0	0	0	0	0	0	0	0	0	0	0	0	0	0	0	0	0	0	0	0	0	0	0	0	0	0	0	0	0	0	0	0	0	0	0	0	0	0	0	0	0	0
Tessaracoccus flavescens	50	2	0	0	0	0	0	0	0	0	0	0	0	0	0	0	0	0	0	0	0	0	0	0	0	0	0	0	0	0	0	0	0	0	0	0	0.14736	0	0	0	0	0	0	0	0	0	0	0	0	0	0	0	0	0	0	0	0	0	0	0	0	0	0	0	0	0	0	0	0	0	0	0
Haemophilus parasuis	50	2	0	0	0	0	0	0	0	0	0	0	0	0	0	0	0	0	0	0	0	0	0	0	0	0	0	0	0	0	0	0	0	0	0	0	0	0	0	0	0	0	0	0	0	0	0	0	0	0	0	0	0	0	0	0	0	0	0	0	0	0	0	0	0.14289	0	0	0	0	0	0	0
Acinetobacter baumannii	50	2	0	0	0	0	0	0	0	0	0.12894	0	0	0	0	0	0	0	0	0	0	0	0	0	0	0	0	0	0	0	0	0	0	0	0	0	0	0	0	0	0	0	0	0	0	0	0	0	0	0	0	0	0	0	0	0	0	0	0	0	0	0	0	0	0	0	0	0	0	0	0	0
Staphylococcus argenteus	50	2	0	0	0	0	0	0	0	0	0	0	0	0	0	0	0	0	0	0	0	0	0	0	0	0	0	0	0	0	0	0	0	0	0	0	0	0	0	0	0	0	0	0	0	0	0	0	0	0	0	0	0.09323	0	0	0	0	0	0	0	0	0	0	0.02414	0	0	0	0	0	0	0	0
Klebsiella quasipneumoniae	50	2	0	0	0	0	0	0	0	0	0.1152	0	0	0	0	0	0	0	0	0	0	0	0	0	0	0	0	0	0	0	0	0	0	0	0	0	0	0	0	0	0	0	0	0	0	0	0	0	0	0	0	0	0	0	0	0	0	0	0	0	0	0	0	0	0	0	0	0	0	0	0	0
Bacteroides dorei	50	2	0	0	0	0	0	0	0	0	0.09507	0	0	0	0	0	0	0	0	0	0	0	0.01358	0	0	0	0	0	0	0	0	0	0	0	0	0	0	0	0	0	0	0	0	0	0	0	0	0	0	0	0	0	0	0	0	0	0	0	0	0	0	0	0	0	0	0	0	0	0	0	0	0
Gordonia bronchialis	50	2	0	0	0	0	0	0	0	0	0	0	0	0	0	0	0	0	0	0	0	0	0	0	0	0	0	0	0	0	0	0	0	0	0	0	0	0	0	0	0	0	0	0	0	0	0	0	0	0	0	0	0	0	0	0	0	0	0	0	0.10844	0	0	0	0	0	0	0	0	0	0	0
Enterobacter ludwigii	50	2	0	0	0	0	0	0	0	0	0	0	0	0	0	0	0	0.1042	0	0	0	0	0	0	0	0	0	0	0	0	0	0	0	0	0	0	0	0	0	0	0	0	0	0	0	0	0	0	0	0	0	0	0	0	0	0	0	0	0	0	0	0	0	0	0	0	0	0	0	0	0	0
Clostridium perfringens	50	2	0	0	0	0	0	0	0	0	0	0	0.10334	0	0	0	0	0	0	0	0	0	0	0	0	0	0	0	0	0	0	0	0	0	0	0	0	0	0	0	0	0	0	0	0	0	0	0	0	0	0	0	0	0	0	0	0	0	0	0	0	0	0	0	0	0	0	0	0	0	0	0
Jeotgalibaca dankookensis	50	2	0	0	0	0	0	0	0	0	0	0	0	0	0	0	0	0	0	0	0	0	0	0	0	0	0	0	0	0	0	0	0	0	0	0	0	0	0	0	0	0	0	0	0	0	0	0	0	0	0	0	0	0.09985	0	0	0	0	0	0	0	0	0	0	0	0	0	0	0	0	0	0
Enterococcus mundtii	50	2	0	0	0	0	0	0	0	0	0	0	0	0	0	0	0	0	0	0	0	0	0	0	0	0	0	0	0	0	0	0	0	0	0	0	0	0	0	0	0	0	0	0	0	0	0	0	0	0	0	0	0	0	0	0	0	0	0	0	0	0	0	0	0.09876	0	0	0	0	0	0	0
Alistipes finegoldii	50	2	0	0	0	0	0	0	0	0	0	0	0	0	0	0	0	0	0	0	0	0	0	0	0	0	0	0	0	0	0	0	0	0	0	0	0	0	0	0	0	0	0	0	0	0	0	0	0	0	0	0	0	0	0	0	0	0	0	0	0	0	0.08842	0	0	0	0	0	0	0	0	0
Enterobacter xiangfangensis	50	2	0	0	0	0	0	0	0	0	0	0	0	0	0	0	0	0	0	0	0	0	0	0	0	0	0	0.0879	0	0	0	0	0	0	0	0	0	0	0	0	0	0	0	0	0	0	0	0	0	0	0	0	0	0	0	0	0	0	0	0	0	0	0	0	0	0	0	0	0	0	0	0
Aeromonas caviae	50	2	0	0	0	0	0	0	0	0	0.08742	0	0	0	0	0	0	0	0	0	0	0	0	0	0	0	0	0	0	0	0	0	0	0	0	0	0	0	0	0	0	0	0	0	0	0	0	0	0	0	0	0	0	0	0	0	0	0	0	0	0	0	0	0	0	0	0	0	0	0	0	0
Enterobacter hormaechei	50	2	0	0	0	0	0	0	0	0	0	0	0	0	0	0	0	0	0	0	0	0	0	0	0	0	0	0.08706	0	0	0	0	0	0	0	0	0	0	0	0	0	0	0	0	0	0	0	0	0	0	0	0	0	0	0	0	0	0	0	0	0	0	0	0	0	0	0	0	0	0	0	0
Enterococcus wangshanyuanii	50	2	0	0	0	0	0	0	0	0	0	0	0	0	0	0	0	0	0	0	0	0	0	0	0	0	0	0	0	0	0	0	0	0	0	0	0	0	0	0	0	0	0	0	0	0	0	0	0	0	0	0	0	0	0	0	0	0	0	0	0	0	0	0	0.07874	0	0	0	0	0	0	0
Vagococcus penaei	50	2	0	0	0	0	0	0	0	0	0	0	0	0	0	0	0	0	0	0	0	0	0	0	0	0	0	0	0	0	0	0	0	0	0	0	0	0	0	0	0	0	0	0	0	0	0	0	0	0	0	0	0	0.07811	0	0	0	0	0	0	0	0	0	0	0	0	0	0	0	0	0	0
Lactococcus piscium	50	2	0	0	0	0	0	0	0	0	0	0	0	0	0	0	0	0	0	0	0	0	0	0	0	0	0	0	0	0	0	0	0	0	0	0	0	0.07285	0	0	0	0	0	0	0	0	0	0	0	0	0	0	0	0	0	0	0	0	0	0	0	0	0	0	0	0	0	0	0	0	0	0
Lactobacillus acidophilus	50	2	0	0	0	0	0	0	0	0	0	0	0	0	0	0	0	0	0.06514	0	0	0	0	0	0	0	0	0	0	0	0	0	0	0	0	0	0	0	0	0	0	0	0	0	0	0	0	0	0	0	0	0	0	0	0	0	0	0	0	0	0	0	0	0	0	0	0	0	0	0	0	0
Campylobacter gracilis	50	2	0	0	0	0	0	0	0	0	0	0	0	0	0	0	0	0	0	0	0	0	0.05737	0	0	0	0	0	0	0	0	0	0	0	0	0	0	0	0	0	0	0	0	0	0	0	0	0	0	0	0	0	0	0	0	0	0	0	0	0	0	0	0	0	0	0	0	0	0	0	0	0
Klebsiella aerogenes	50	2	0	0	0	0	0	0	0	0	0.05553	0	0	0	0	0	0	0	0	0	0	0	0	0	0	0	0	0	0	0	0	0	0	0	0	0	0	0	0	0	0	0	0	0	0	0	0	0	0	0	0	0	0	0	0	0	0	0	0	0	0	0	0	0	0	0	0	0	0	0	0	0
Acinetobacter oleivorans	50	2	0	0	0	0	0	0	0	0	0.05022	0	0	0	0	0	0	0	0	0	0	0	0	0	0	0	0	0	0	0	0	0	0	0	0	0	0	0	0	0	0	0	0	0	0	0	0	0	0	0	0	0	0	0	0	0	0	0	0	0	0	0	0	0	0	0	0	0	0	0	0	0
Staphylococcus pettenkoferi	50	2	0	0	0	0	0	0	0	0	0	0	0	0	0	0	0	0	0	0	0	0	0	0	0	0	0	0	0	0	0	0	0	0.04702	0	0	0	0	0	0	0	0	0	0	0	0	0	0	0	0	0	0	0	0	0	0	0	0	0	0	0	0	0	0	0	0	0	0	0	0	0	0
Escherichia albertii	50	2	0	0	0	0	0	0	0	0	0	0	0	0	0	0	0	0	0.04268	0	0	0	0	0	0	0	0	0	0	0	0	0	0	0	0	0	0	0	0	0	0	0	0	0	0	0	0	0	0	0	0	0	0	0	0	0	0	0	0	0	0	0	0	0	0	0	0	0	0	0	0	0
Bacteroides caecimuris	50	2	0	0	0	0	0	0	0	0	0	0	0	0	0	0	0	0	0	0	0	0	0	0	0	0	0	0	0	0	0	0	0	0	0	0	0	0	0	0	0	0	0	0	0	0	0	0	0	0	0	0	0	0	0	0.04243	0	0	0	0	0	0	0	0	0	0	0	0	0	0	0	0
Ralstonia pickettii	50	2	0	0	0	0	0	0	0	0	0	0	0	0	0	0	0	0	0	0	0	0	0	0	0	0	0	0	0	0	0	0	0	0	0	0	0	0	0	0	0	0	0	0	0	0	0	0	0	0	0	0	0	0	0	0	0	0	0.01613	0	0	0	0	0	0	0	0.02484	0	0	0	0	0
Nocardioides dokdonensis	50	2	0	0	0	0	0	0	0	0	0	0	0	0	0	0	0	0	0	0	0	0	0	0	0	0	0	0	0	0	0	0	0	0	0	0	0	0	0	0	0	0	0	0	0	0	0	0	0	0	0	0	0	0.04084	0	0	0	0	0	0	0	0	0	0	0	0	0	0	0	0	0	0
Citrobacter portucalensis	50	2	0	0	0	0	0	0	0	0	0	0	0	0	0	0	0	0	0	0	0	0	0	0	0	0	0	0.04005	0	0	0	0	0	0	0	0	0	0	0	0	0	0	0	0	0	0	0	0	0	0	0	0	0	0	0	0	0	0	0	0	0	0	0	0	0	0	0	0	0	0	0	0
Oscillatoria nigro	50	2	0	0	0	0	0	0	0	0	0.03641	0	0	0	0	0	0	0	0	0	0	0	0	0	0	0	0	0	0	0	0	0	0	0	0	0	0	0	0	0	0	0	0	0	0	0	0	0	0	0	0	0	0	0	0	0	0	0	0	0	0	0	0	0	0	0	0	0	0	0	0	0
Pseudomonas putida	50	2	0	0	0	0	0	0	0	0	0.03373	0	0	0	0	0	0	0	0	0	0	0	0	0	0	0	0	0	0	0	0	0	0	0	0	0	0	0	0	0	0	0	0	0	0	0	0	0	0	0	0	0	0	0	0	0	0	0	0	0	0	0	0	0	0	0	0	0	0	0	0	0
Pseudarthrobacter chlorophenolicus	50	2	0	0	0	0	0	0	0	0	0	0	0	0	0	0	0	0	0	0	0	0	0	0	0	0	0	0	0	0	0	0	0	0	0	0	0	0	0	0	0	0	0	0	0	0	0	0	0	0	0	0	0.03355	0	0	0	0	0	0	0	0	0	0	0	0	0	0	0	0	0	0	0
Eubacterium callanderi	50	2	0	0	0	0	0	0	0	0	0	0	0.03243	0	0	0	0	0	0	0	0	0	0	0	0	0	0	0	0	0	0	0	0	0	0	0	0	0	0	0	0	0	0	0	0	0	0	0	0	0	0	0	0	0	0	0	0	0	0	0	0	0	0	0	0	0	0	0	0	0	0	0
Bacteroides thetaiotaomicron	50	2	0	0	0	0	0	0	0	0	0	0	0	0	0	0	0	0	0	0	0	0	0.00976	0	0	0	0	0	0	0	0	0	0	0	0	0	0	0	0	0	0	0	0	0	0	0	0	0	0	0	0	0	0	0	0	0	0	0	0	0	0	0	0	0	0	0	0	0	0	0	0	0.02224
Pimelobacter simplex	50	2	0	0	0	0	0	0	0	0	0	0	0	0	0	0	0	0	0	0	0	0	0	0	0	0	0	0	0	0	0	0	0	0	0	0	0	0	0	0	0	0	0	0	0	0	0	0	0	0	0	0	0	0.02798	0	0	0	0	0	0	0	0	0	0	0	0	0	0	0	0	0	0
Janibacter indicus	50	2	0	0	0	0	0	0	0	0	0	0	0	0	0	0	0	0	0	0	0	0	0	0	0	0	0	0	0	0	0	0	0	0	0	0	0	0	0	0	0	0	0	0	0	0	0	0	0	0	0	0	0	0.01796	0	0	0	0	0	0	0	0	0	0	0	0	0	0	0	0	0	0
Nitrosomonas ureae	50	2	0	0	0	0	0	0	0	0	0	0	0	0	0	0	0	0	0	0	0	0	0	0	0	0	0	0	0	0	0	0	0	0	0	0	0	0	0	0	0	0	0	0	0	0	0	0	0	0	0	0	0	0.01726	0	0	0	0	0	0	0	0	0	0	0	0	0	0	0	0	0	0
Rhodococcus fascians	50	2	0	0	0	0	0	0	0	0	0	0	0	0	0	0	0	0	0	0	0	0	0	0	0	0	0	0	0	0	0	0	0	0	0	0	0	0	0	0	0	0	0	0	0	0	0	0	0	0	0	0	0	0	0	0.01629	0	0	0	0	0	0	0	0	0	0	0	0	0	0	0	0
Intrasporangium calvum	50	2	0	0	0	0	0	0	0	0	0	0	0	0	0	0	0	0	0	0	0	0	0	0	0	0	0	0	0	0	0	0	0	0	0	0	0	0	0	0	0	0	0	0	0	0	0	0	0	0	0	0	0	0.01306	0	0	0	0	0	0	0	0	0	0	0	0	0	0	0	0	0	0
Stenotrophomonas rhizophila	50	2	0	0	0	0	0	0	0	0	0	0	0	0	0	0	0	0	0	0	0	0	0	0	0	0	0	0	0	0	0	0	0	0	0	0	0	0	0	0	0	0	0	0	0	0	0	0	0	0	0	0	0	0	0	0.01281	0	0	0	0	0	0	0	0	0	0	0	0	0	0	0	0
Aeromicrobium erythreum	50	2	0	0	0	0	0	0	0	0	0	0	0	0	0	0	0	0	0	0	0	0	0	0	0	0	0	0	0	0	0	0	0	0	0	0	0	0	0	0	0	0	0	0	0	0	0	0	0	0	0	0	0	0.01173	0	0	0	0	0	0	0	0	0	0	0	0	0	0	0	0	0	0
Pseudomonas pseudoalcaligenes	50	2	0	0	0	0	0	0	0	0	0	0	0	0	0	0	0	0	0	0	0	0	0	0	0	0	0	0	0	0	0	0	0	0	0	0	0	0	0	0	0	0	0	0	0	0	0	0	0	0	0	0	0	0.01165	0	0	0	0	0	0	0	0	0	0	0	0	0	0	0	0	0	0
Microlunatus phosphovorus	50	2	0	0	0	0	0	0	0	0	0	0	0	0	0	0	0	0	0	0	0	0	0	0	0	0	0	0	0	0	0	0	0	0	0	0	0	0	0	0	0	0	0	0	0	0	0	0	0	0	0	0	0	0.00863	0	0	0	0	0	0	0	0	0	0	0	0	0	0	0	0	0	0
Hymenobacter swuensis	50	2	0	0	0	0	0	0	0	0	0	0	0	0	0	0	0	0	0	0	0	0	0	0	0	0	0	0	0	0	0	0	0	0	0	0	0	0	0	0	0	0	0	0	0	0	0	0	0	0	0	0	0	0.00807	0	0	0	0	0	0	0	0	0	0	0	0	0	0	0	0	0	0
Conexibacter woesei	50	2	0	0	0	0	0	0	0	0	0	0	0	0	0	0	0	0	0	0	0	0	0	0	0	0	0	0	0	0	0	0	0	0	0	0	0	0	0	0	0	0	0	0	0	0	0	0	0	0	0	0	0	0.00803	0	0	0	0	0	0	0	0	0	0	0	0	0	0	0	0	0	0
Kribbella flavida	50	2	0	0	0	0	0	0	0	0	0	0	0	0	0	0	0	0	0	0	0	0	0	0	0	0	0	0	0	0	0	0	0	0	0	0	0	0	0	0	0	0	0	0	0	0	0	0	0	0	0	0	0	0.00436	0	0	0	0	0	0	0	0	0	0	0	0	0	0	0	0	0	0
